Date,Price,Open,High,Low,Change %
Jan 27  2019,55.17,53.38,55.43,51.13,3.51%
Jan 20  2019,53.30,53.67,54.19,51.62,-0.69%
Jan 13  2019,53.67,51.73,53.83,50.38,3.93%
Jan 06  2019,51.64,48.18,53.23,48.02,7.18%
Dec 30  2018,48.18,45.14,49.09,44.23,7.26%
Dec 23  2018,44.92,45.19,46.78,42.22,-0.35%
Dec 16  2018,45.08,51.23,51.84,44.86,-11.90%
Dec 09  2018,51.17,52.08,53.20,50.31,-1.69%
Dec 02  2018,52.05,52.40,54.45,50.02,2.87%
Nov 25  2018,50.60,50.47,52.41,49.34,-0.57%
Nov 18  2018,50.89,56.80,57.38,50.43,-10.42%
Nov 11  2018,56.81,60.69,61.24,54.76,-5.00%
Nov 04  2018,59.80,62.95,64.08,59.24,-4.73%
Oct 28  2018,62.77,67.46,67.85,62.59,-7.01%
Oct 21  2018,67.50,69.52,69.71,65.64,-2.72%
Oct 14  2018,69.39,72.00,72.78,68.53,-3.03%
Oct 07  2018,71.56,74.62,75.41,70.64,-3.95%
Sep 30  2018,74.50,73.58,77.12,73.19,0.98%
Sep 23  2018,73.78,71.58,74.00,71.55,3.78%
Sep 16  2018,71.09,69.11,72.11,68.61,2.78%
Sep 09  2018,69.17,68.14,71.50,67.64,1.47%
Sep 02  2018,68.17,70.44,71.89,67.23,-3.29%
Aug 26  2018,70.49,69.31,71.11,68.88,1.66%
Aug 19  2018,69.34,65.99,70.10,65.65,4.93%
Aug 12  2018,66.08,68.16,68.66,64.69,-3.15%
Aug 05  2018,68.23,69.30,70.56,66.62,-1.71%
Jul 29  2018,69.42,70.00,71.39,67.73,-0.93%
Jul 22  2018,70.07,69.39,71.05,68.78,0.86%
Jul 15  2018,69.47,70.53,70.89,67.08,-1.59%
Jul 08  2018,70.59,73.92,74.73,69.30,-4.61%
Jul 01  2018,74.00,73.72,75.34,72.22,-0.52%
Jun 24  2018,74.39,68.87,74.56,67.86,7.27%
Jun 17  2018,69.35,64.41,69.51,63.59,7.77%
Jun 10  2018,64.35,65.50,67.14,64.28,-1.83%
Jun 03  2018,65.55,65.61,66.17,64.19,-0.24%
May 27  2018,65.71,67.28,68.55,65.45,-2.54%
May 20  2018,67.42,71.36,72.80,67.34,-5.56%
May 13  2018,71.39,70.50,72.30,70.28,1.23%
May 06  2018,70.52,69.88,71.86,67.65,1.06%
Apr 29  2018,69.78,68.16,69.95,66.86,2.65%
Apr 22  2018,67.98,68.17,69.36,67.11,-0.16%
Apr 15  2018,68.09,67.37,69.55,65.56,1.16%
Apr 08  2018,67.31,61.97,67.72,61.91,8.76%
Apr 01  2018,61.89,64.84,65.36,61.77,-4.58%
Mar 25  2018,64.86,65.81,66.47,63.66,-1.35%
Mar 18  2018,65.75,62.20,65.91,61.38,5.61%
Mar 11  2018,62.26,62.11,62.55,60.14,0.13%
Mar 04  2018,62.18,61.63,63.31,60.03,1.07%
Feb 25  2018,61.52,63.66,64.30,60.20,-3.35%
Feb 18  2018,63.65,61.63,63.80,60.88,3.24%
Feb 11  2018,61.65,59.17,61.99,58.22,4.33%
Feb 04  2018,59.09,65.14,65.44,58.10,-9.26%
Jan 28  2018,65.12,66.30,66.52,63.73,-1.79%
Jan 21  2018,66.31,63.57,66.72,63.14,4.33%
Jan 14  2018,63.56,64.40,64.79,62.84,-1.27%
Jan 07  2018,64.38,61.68,64.74,61.31,4.60%
Dec 31  2017,61.55,60.22,62.18,60.09,2.19%
Dec 24  2017,60.23,58.52,60.45,58.29,3.06%
Dec 17  2017,58.44,57.36,58.45,56.84,1.97%
Dec 10  2017,57.31,57.20,58.50,56.05,0.10%
Dec 03  2017,57.25,58.19,58.19,55.74,-1.58%
Nov 26  2017,58.17,58.81,58.81,56.62,-0.87%
Nov 19  2017,58.68,56.59,58.73,55.57,3.66%
Nov 12  2017,56.61,56.83,57.09,54.78,-0.35%
Nov 05  2017,56.81,55.80,57.81,55.55,2.19%
Oct 29  2017,55.59,53.93,55.62,53.60,2.94%
Oct 22  2017,54.00,51.88,54.01,51.37,4.17%
Oct 15  2017,51.84,51.37,52.30,50.66,1.03%
Oct 08  2017,51.31,49.09,51.61,48.98,4.65%
Oct 01  2017,49.03,51.38,51.45,48.92,-4.50%
Sep 24  2017,51.34,50.35,52.54,50.05,2.13%
Sep 17  2017,50.27,49.84,50.70,49.19,0.94%
Sep 10  2017,49.80,47.52,50.46,46.95,4.86%
Sep 03  2017,47.49,47.28,49.34,47.17,0.34%
Aug 27  2017,47.33,47.93,48.24,45.62,-1.05%
Aug 20  2017,47.83,48.75,48.78,47.06,-1.65%
Aug 13  2017,48.63,48.91,49.28,46.58,-0.35%
Aug 06  2017,48.80,49.64,50.27,48.02,-1.45%
Jul 30  2017,49.52,49.88,50.45,48.39,-0.50%
Jul 23  2017,49.77,45.66,49.86,45.45,9.17%
Jul 16  2017,45.59,46.70,47.56,45.55,-2.25%
Jul 09  2017,46.64,44.42,46.81,43.72,5.21%
Jul 02  2017,44.33,46.31,47.36,43.81,-4.34%
Jun 25  2017,46.34,43.18,46.38,42.66,7.47%
Jun 18  2017,43.12,44.74,45.12,42.11,-3.53%
Jun 11  2017,44.70,45.86,46.77,44.28,-2.70%
Jun 04  2017,45.94,47.77,48.48,45.26,-3.83%
May 28  2017,47.77,50.03,50.38,46.84,-4.15%
May 21  2017,49.84,50.65,52.05,48.23,-1.29%
May 14  2017,50.49,47.98,50.66,47.88,5.50%
May 07  2017,47.86,46.39,48.27,45.58,2.99%
Apr 30  2017,46.47,49.22,49.36,43.80,-5.55%
Apr 23  2017,49.20,49.73,50.27,48.26,-0.87%
Apr 16  2017,49.63,52.99,53.23,49.22,-6.23%
Apr 09  2017,52.93,52.33,53.78,52.31,1.15%
Apr 02  2017,52.33,50.75,53.00,49.94,3.03%
Mar 26  2017,50.79,48.18,50.91,47.14,5.53%
Mar 19  2017,48.13,48.73,48.77,47.04,-1.13%
Mar 12  2017,48.68,48.53,49.70,47.17,0.62%
Mar 05  2017,48.38,53.22,53.83,48.34,-9.06%
Feb 26  2017,53.20,54.04,54.63,52.56,-1.48%
Feb 19  2017,54.00,53.52,54.97,53.39,1.16%
Feb 12  2017,53.38,53.90,54.05,52.78,-0.85%
Feb 05  2017,53.84,53.85,54.17,51.26,0.00%
Jan 29  2017,53.84,53.20,54.39,52.29,1.26%
Jan 22  2017,53.17,53.41,54.16,52.28,1.31%
Jan 15  2017,52.48,54.07,55.05,52.43,-0.10%
Jan 08  2017,52.53,53.87,53.95,50.83,-2.16%
Jan 01  2017,53.69,54.23,55.28,52.14,-0.37%
Dec 25  2016,53.89,53.36,54.44,53.11,1.22%
Dec 18  2016,53.24,52.18,53.82,51.54,2.33%
Dec 11  2016,52.03,52.65,54.58,50.02,1.07%
Dec 04  2016,51.48,51.49,52.45,49.64,-0.37%
Nov 27  2016,51.67,45.46,51.83,44.85,12.42%
Nov 20  2016,45.96,45.88,49.25,45.82,1.01%
Nov 13  2016,45.50,43.39,46.77,42.39,5.42%
Nov 06  2016,43.16,44.52,46.02,43.09,-2.22%
Oct 30  2016,44.14,48.28,48.78,43.61,-9.29%
Oct 23  2016,48.66,50.90,51.02,48.47,-4.49%
Oct 16  2016,50.95,50.28,51.98,49.52,1.23%
Oct 09  2016,50.33,49.61,51.64,49.19,1.43%
Oct 02  2016,49.62,48.15,50.85,47.89,3.27%
Sep 25  2016,48.05,44.63,48.33,44.20,7.71%
Sep 18  2016,44.61,43.25,46.62,42.62,3.41%
Sep 11  2016,43.14,45.69,46.63,42.86,-5.64%
Sep 04  2016,45.72,44.16,47.77,43.86,3.35%
Aug 28  2016,44.24,47.30,47.58,43.09,-6.47%
Aug 21  2016,47.30,48.41,48.48,46.44,-2.43%
Aug 14  2016,48.48,45.01,49.02,44.65,8.38%
Aug 07  2016,44.73,42.05,44.84,41.16,6.55%
Jul 31  2016,41.98,41.40,42.15,39.24,1.45%
Jul 24  2016,41.38,44.22,44.39,40.59,-6.53%
Jul 17  2016,44.27,46.14,46.16,43.71,-4.30%
Jul 10  2016,46.26,45.12,46.98,44.48,2.44%
Jul 03  2016,45.16,49.17,49.41,44.84,-8.32%
Jun 26  2016,49.26,47.84,50.03,45.86,3.47%
Jun 19  2016,47.61,48.39,50.64,46.80,-1.27%
Jun 12  2016,48.22,48.92,49.36,45.91,-1.43%
Jun 05  2016,48.92,48.95,51.75,48.78,0.14%
May 29  2016,48.85,49.59,50.16,47.80,-1.41%
May 22  2016,49.55,48.53,50.28,47.47,4.38%
May 15  2016,47.47,46.75,49.42,46.61,2.42%
May 08  2016,46.35,45.05,47.08,43.09,3.90%
May 01  2016,44.61,45.97,46.22,43.28,-3.02%
Apr 24  2016,46.00,43.86,46.89,42.61,5.22%
Apr 17  2016,43.72,38.82,44.56,37.68,8.19%
Apr 10  2016,40.41,39.75,42.45,39.28,1.87%
Apr 03  2016,39.67,36.62,39.86,35.26,8.09%
Mar 27  2016,36.70,39.62,40.22,36.70,-7.14%
Mar 20  2016,39.52,39.16,41.99,38.42,-2.49%
Mar 13  2016,40.53,39.64,42.67,37.43,5.33%
Mar 06  2016,38.48,36.23,39.05,36.12,5.98%
Feb 28  2016,36.31,32.76,36.38,32.36,10.73%
Feb 21  2016,32.79,29.88,34.85,29.64,9.78%
Feb 14  2016,29.87,29.71,32.62,29.34,2.58%
Feb 07  2016,29.12,31.01,31.42,26.09,-6.03%
Jan 31  2016,30.99,33.89,34.24,29.46,-8.18%
Jan 24  2016,33.75,32.08,34.85,29.28,4.65%
Jan 17  2016,32.25,29.24,32.39,26.23,8.55%
Jan 10  2016,29.71,33.01,33.27,29.20,-9.72%
Jan 03  2016,32.91,37.65,38.44,32.15,-11.32%
Dec 27  2015,37.11,38.09,38.18,36.31,-2.62%
Dec 20  2015,38.11,34.68,38.38,34.08,10.50%
Dec 13  2015,34.49,35.56,38.04,34.45,-2.46%
Dec 06  2015,35.36,40.14,40.19,35.19,-11.93%
Nov 29  2015,40.15,41.80,42.64,39.63,-3.86%
Nov 22  2015,41.76,41.51,43.48,40.43,3.03%
Nov 15  2015,40.53,41.02,42.35,39.09,-0.54%
Nov 08  2015,40.75,44.55,45.15,40.25,-8.53%
Nov 01  2015,44.55,46.48,48.41,44.16,-4.03%
Oct 25  2015,46.42,44.81,47.10,42.65,3.80%
Oct 18  2015,44.72,47.34,47.56,44.28,-5.39%
Oct 11  2015,47.27,49.55,50.18,45.27,-4.56%
Oct 04  2015,49.53,45.72,50.98,45.28,8.48%
Sep 27  2015,45.66,45.44,47.16,44.02,0.48%
Sep 20  2015,45.44,45.08,47.25,43.81,1.50%
Sep 13  2015,44.77,45.15,48.08,43.96,-0.02%
Sep 06  2015,44.78,45.85,46.44,43.39,-2.01%
Aug 30  2015,45.70,45.11,49.44,43.31,0.66%
Aug 23  2015,45.40,40.42,46.02,37.88,12.52%
Aug 16  2015,40.35,42.27,42.99,39.95,-4.29%
Aug 09  2015,42.16,43.63,45.40,41.41,-3.72%
Aug 02  2015,43.79,46.95,47.03,43.79,-6.37%
Jul 26  2015,46.77,48.09,49.62,46.77,-2.50%
Jul 19  2015,47.97,50.82,51.32,47.78,-5.57%
Jul 12  2015,50.80,52.22,53.57,50.21,-3.81%
Jul 05  2015,52.81,56.43,56.80,50.59,-6.53%
Jun 28  2015,56.50,58.87,59.72,56.53,-5.17%
Jun 21  2015,59.58,59.52,61.65,58.84,0.51%
Jun 14  2015,59.28,60.18,61.66,59.01,-1.15%
Jun 07  2015,59.97,59.00,61.86,57.91,1.78%
May 31  2015,58.92,60.33,61.61,56.86,-2.29%
May 24  2015,60.30,60.14,60.80,56.60,0.55%
May 17  2015,59.97,59.89,60.97,57.12,0.22%
May 10  2015,59.84,59.56,61.98,58.55,0.66%
May 03  2015,59.45,59.38,62.66,58.23,0.35%
Apr 26  2015,59.24,57.44,60.04,56.21,3.12%
Apr 19  2015,57.45,56.21,58.46,54.91,2.37%
Apr 12  2015,56.12,51.88,57.49,51.54,8.36%
Apr 05  2015,51.79,49.55,54.21,49.55,4.58%
Mar 29  2015,49.52,48.64,50.52,47.12,2.44%
Mar 22  2015,48.34,46.52,52.59,45.44,9.12%
Mar 15  2015,44.30,45.51,47.23,42.73,-1.51%
Mar 08  2015,44.98,49.66,50.84,44.80,-9.70%
Mar 01  2015,49.81,49.48,52.43,48.74,0.81%
Feb 22  2015,49.41,50.95,51.48,47.99,-3.06%
Feb 15  2015,50.97,55.68,57.08,52.08,-2.97%
Feb 08  2015,52.53,52.27,54.25,48.31,0.63%
Feb 01  2015,52.20,47.76,54.41,46.84,9.27%
Jan 25  2015,47.77,45.28,48.43,43.66,5.38%
Jan 18  2015,45.33,48.75,49.15,45.27,-6.48%
Jan 11  2015,48.47,48.64,51.73,44.66,0.56%
Jan 04  2015,48.20,52.72,52.83,46.94,-8.52%
Dec 28  2014,52.69,55.22,55.91,52.20,-4.43%
Dec 21  2014,55.13,57.82,58.60,54.58,-0.76%
Dec 14  2014,55.55,57.77,59.68,54.30,-3.41%
Dec 07  2014,57.51,65.59,65.68,57.47,-12.44%
Nov 30  2014,65.68,66.17,69.71,63.89,-0.56%
Nov 23  2014,66.05,76.84,77.23,65.91,-13.83%
Nov 16  2014,76.65,76.05,77.95,74.00,0.91%
Nov 09  2014,75.96,78.63,79.98,73.38,-3.16%
Nov 02  2014,78.44,80.65,81.04,75.90,-2.74%
Oct 26  2014,80.65,81.38,82.98,79.54,-0.81%
Oct 19  2014,81.31,83.22,84.13,80.13,-2.04%
Oct 12  2014,83.00,85.45,86.12,80.03,-2.95%
Oct 05  2014,85.52,90.03,91.00,83.86,-4.68%
Sep 28  2014,89.72,93.41,94.97,88.25,-3.95%
Sep 21  2014,93.41,92.28,93.92,90.64,1.07%
Sep 14  2014,92.42,92.34,95.41,90.84,0.28%
Sep 07  2014,92.16,93.52,93.97,90.46,-1.35%
Aug 31  2014,93.42,95.91,96.00,92.78,-2.55%
Aug 24  2014,95.86,93.37,96.03,93.08,2.58%
Aug 17  2014,93.45,97.22,97.28,92.62,-3.85%
Aug 10  2014,97.19,97.62,98.66,95.34,-0.23%
Aug 03  2014,97.41,97.83,98.83,96.71,-0.18%
Jul 27  2014,97.59,101.90,102.13,97.12,-4.24%
Jul 20  2014,101.91,103.05,105.33,101.08,-1.00%
Jul 13  2014,102.94,100.58,104.06,99.13,2.40%
Jul 06  2014,100.53,104.18,104.32,100.56,-3.36%
Jun 29  2014,104.02,105.78,106.18,103.76,-1.64%
Jun 22  2014,105.75,107.52,107.59,105.12,-0.80%
Jun 15  2014,106.60,107.28,108.13,105.72,-0.07%
Jun 08  2014,106.67,102.95,107.85,102.79,3.79%
Jun 01  2014,102.77,102.95,103.72,101.63,-0.12%
May 25  2014,102.89,104.42,104.58,102.48,-1.44%
May 18  2014,104.39,102.19,104.56,102.03,2.18%
May 11  2014,102.16,100.18,102.71,99.99,2.12%
May 04  2014,100.04,100.05,101.27,99.00,0.11%
Apr 27  2014,99.93,100.56,102.27,98.81,-0.75%
Apr 20  2014,100.69,104.56,104.78,100.50,-3.73%
Apr 13  2014,104.59,103.70,105.13,103.05,1.20%
Apr 06  2014,103.35,100.96,104.49,99.97,2.23%
Mar 30  2014,101.10,101.81,102.09,98.98,-0.50%
Mar 23  2014,101.61,99.61,102.36,98.92,2.00%
Mar 16  2014,99.62,99.51,100.94,97.49,0.62%
Mar 09  2014,99.01,102.78,102.85,97.58,-3.58%
Mar 02  2014,102.69,103.14,105.36,100.27,-0.02%
Feb 23  2014,102.71,102.34,103.50,101.07,0.39%
Feb 16  2014,102.31,100.34,103.82,100.25,1.92%
Feb 09  2014,100.38,100.07,101.41,99.13,0.21%
Feb 02  2014,100.17,97.48,100.32,96.34,2.77%
Jan 26  2014,97.47,96.97,98.66,95.28,0.58%
Jan 19  2014,96.91,94.01,97.85,93.44,2.99%
Jan 12  2014,94.10,92.94,95.04,91.53,1.35%
Jan 05  2014,92.85,94.23,94.64,91.29,-1.40%
Dec 29  2013,94.17,100.30,100.57,94.01,-5.98%
Dec 22  2013,100.16,99.26,100.81,98.59,1.02%
Dec 15  2013,99.15,96.61,99.46,96.27,2.79%
Dec 08  2013,96.46,97.76,98.85,96.36,-1.32%
Dec 01  2013,97.75,92.80,98.16,92.66,5.35%
Nov 24  2013,92.79,94.18,94.72,91.79,-2.11%
Nov 17  2013,94.79,93.89,95.74,92.54,1.21%
Nov 10  2013,93.66,94.55,95.47,92.61,-0.72%
Nov 03  2013,94.34,94.55,95.43,93.10,-0.29%
Oct 27  2013,94.61,97.94,98.88,94.42,-3.43%
Oct 20  2013,97.97,100.71,101.03,96.03,-2.76%
Oct 13  2013,100.75,101.50,103.09,100.16,-1.04%
Oct 06  2013,101.81,103.56,104.19,100.71,-1.78%
Sep 29  2013,103.66,102.59,104.51,101.19,0.81%
Sep 22  2013,102.83,104.97,105.20,102.28,-3.14%
Sep 15  2013,106.16,107.84,109.32,104.66,-2.23%
Sep 08  2013,108.58,110.34,110.52,106.45,-1.56%
Sep 01  2013,110.30,107.19,110.83,104.33,2.35%
Aug 25  2013,107.77,106.99,112.32,105.64,1.33%
Aug 18  2013,106.36,107.82,107.84,103.54,-1.19%
Aug 11  2013,107.64,105.98,108.31,105.17,1.46%
Aug 04  2013,106.09,107.00,107.85,102.38,-0.67%
Jul 28  2013,106.81,104.76,108.97,102.82,2.15%
Jul 21  2013,104.56,108.48,108.93,104.04,-3.38%
Jul 14  2013,108.22,106.83,110.10,105.44,1.88%
Jul 07  2013,106.22,104.09,107.59,102.28,2.57%
Jun 30  2013,103.56,96.66,103.75,96.14,7.33%
Jun 23  2013,96.49,93.95,97.92,92.77,2.79%
Jun 16  2013,93.87,97.98,99.15,93.25,-4.03%
Jun 09  2013,97.81,96.19,98.34,94.14,1.60%
Jun 02  2013,96.27,91.76,96.42,91.29,5.02%
May 26  2013,91.67,94.00,96.03,91.67,-2.32%
May 19  2013,93.85,95.99,97.16,92.26,-2.26%
May 12  2013,96.02,95.93,96.62,92.30,0.13%
May 05  2013,95.90,95.67,97.26,93.46,0.33%
Apr 28  2013,95.58,92.78,96.12,90.19,3.00%
Apr 21  2013,92.80,88.06,93.97,87.65,5.48%
Apr 14  2013,87.98,90.97,91.00,85.63,-2.96%
Apr 07  2013,90.66,93.07,94.88,90.32,-2.53%
Mar 31  2013,93.01,97.45,97.89,92.00,-4.30%
Mar 24  2013,97.19,93.78,97.41,93.77,3.54%
Mar 17  2013,93.87,93.34,94.18,91.84,0.40%
Mar 10  2013,93.50,91.97,93.98,91.03,1.76%
Mar 03  2013,91.88,90.76,92.09,89.38,1.00%
Feb 24  2013,90.97,93.28,94.51,90.09,-2.55%
Feb 17  2013,93.35,96.06,97.16,92.53,-2.88%
Feb 10  2013,96.12,95.87,98.19,95.05,0.39%
Feb 03  2013,95.75,97.73,97.78,95.06,-1.92%
Jan 27  2013,97.62,96.06,98.26,95.49,1.59%
Jan 20  2013,96.09,95.28,96.95,94.98,0.82%
Jan 13  2013,95.31,93.89,96.19,93.10,1.65%
Jan 06  2013,93.76,93.24,94.73,92.45,0.63%
Dec 30  2012,93.17,90.45,93.92,90.05,2.66%
Dec 23  2012,90.76,88.76,91.65,88.36,2.08%
Dec 16  2012,88.91,86.97,90.62,86.56,2.41%
Dec 09  2012,86.82,86.07,87.77,85.30,1.05%
Dec 02  2012,85.92,88.93,90.41,85.76,-3.28%
Nov 25  2012,88.83,88.34,89.12,85.49,0.63%
Nov 18  2012,88.27,87.33,89.83,86.20,1.93%
Nov 11  2012,86.60,86.21,87.03,84.59,0.53%
Nov 04  2012,86.14,84.81,89.38,84.20,1.63%
Oct 28  2012,84.76,86.53,87.52,84.76,-1.58%
Oct 21  2012,86.12,89.64,90.92,85.06,-4.20%
Oct 14  2012,89.90,92.38,93.80,90.54,-1.90%
Oct 07  2012,91.64,90.08,93.89,88.44,1.95%
Sep 30  2012,89.89,92.25,93.42,87.80,-2.39%
Sep 23  2012,92.09,93.21,93.22,88.97,-0.96%
Sep 16  2012,92.98,99.28,99.64,90.78,-6.13%
Sep 09  2012,99.05,96.28,100.46,95.38,2.88%
Sep 02  2012,96.28,96.39,97.72,94.09,-0.27%
Aug 26  2012,96.54,96.84,97.89,94.12,0.50%
Aug 19  2012,96.06,96.61,98.55,95.27,0.03%
Aug 12  2012,96.03,93.50,96.53,92.31,2.80%
Aug 05  2012,93.41,91.38,94.75,90.66,2.27%
Jul 29  2012,91.34,90.30,91.90,87.08,1.29%
Jul 22  2012,90.18,91.75,91.78,86.97,1.44%
Jul 15  2012,88.90,91.13,96.94,90.41,2.21%
Jul 08  2012,86.98,84.28,87.69,83.73,3.40%
Jul 01  2012,84.12,84.78,89.11,82.22,-0.90%
Jun 24  2012,84.88,80.22,85.36,77.30,5.94%
Jun 17  2012,80.12,85.11,85.61,77.58,-4.83%
Jun 10  2012,84.19,85.72,86.65,81.07,-0.15%
Jun 03  2012,84.32,82.97,87.03,81.22,1.25%
May 27  2012,83.28,91.02,92.22,82.31,-8.20%
May 20  2012,90.72,91.28,93.07,89.29,-0.68%
May 13  2012,91.34,95.80,95.83,90.94,-4.43%
May 06  2012,95.57,98.06,98.25,95.18,-3.06%
Apr 29  2012,98.59,104.94,106.44,97.52,-5.91%
Apr 22  2012,104.78,103.84,105.02,101.84,1.79%
Apr 15  2012,102.94,104.24,106.51,103.11,0.10%
Apr 08  2012,102.84,102.53,104.24,100.69,-0.35%
Apr 01  2012,103.20,103.33,105.55,101.14,0.26%
Mar 25  2012,102.93,106.80,107.74,102.13,-3.58%
Mar 18  2012,106.75,107.19,108.25,104.50,-0.39%
Mar 11  2012,107.17,107.52,107.58,103.80,-0.24%
Mar 04  2012,107.43,106.76,108.21,104.36,0.86%
Feb 26  2012,106.51,109.68,110.56,104.85,-2.84%
Feb 19  2012,109.62,104.66,109.96,104.27,5.37%
Feb 12  2012,104.03,99.34,104.16,99.11,5.03%
Feb 05  2012,99.05,97.74,100.19,95.84,1.31%
Jan 29  2012,97.77,100.02,101.31,95.45,-2.01%
Jan 22  2012,99.78,98.36,101.41,97.42,1.67%
Jan 15  2012,98.14,99.16,102.27,98.11,-0.92%
Jan 08  2012,99.05,101.94,103.43,97.72,-2.82%
Jan 01  2012,101.92,99.71,103.75,99.66,2.89%
Dec 25  2011,99.06,99.94,101.78,98.31,-0.79%
Dec 18  2011,99.85,93.77,100.24,92.55,6.46%
Dec 11  2011,93.79,99.59,101.26,92.53,-6.03%
Dec 04  2011,99.81,101.23,102.44,97.36,-1.29%
Nov 27  2011,101.11,97.52,101.77,97.14,3.83%
Nov 20  2011,97.38,97.55,98.71,95.00,-0.63%
Nov 13  2011,98.00,100.82,104.90,98.16,-1.23%
Nov 06  2011,99.22,94.41,99.41,93.24,5.05%
Oct 30  2011,94.45,93.56,94.96,89.20,1.04%
Oct 23  2011,93.48,87.06,94.66,87.01,6.79%
Oct 16  2011,87.54,87.49,89.52,84.11,0.31%
Oct 09  2011,87.27,82.76,87.43,82.76,5.32%
Oct 02  2011,82.86,78.94,84.02,74.97,5.22%
Sep 25  2011,78.75,79.66,84.78,77.12,-1.49%
Sep 18  2011,79.94,87.78,88.01,77.57,-9.04%
Sep 11  2011,87.88,86.72,90.54,85.02,1.01%
Sep 04  2011,87.00,86.47,90.50,83.22,0.40%
Aug 28  2011,86.65,85.35,89.92,85.13,1.27%
Aug 21  2011,85.56,82.44,86.60,81.14,3.40%
Aug 14  2011,82.75,85.61,89.02,79.19,-3.01%
Aug 07  2011,85.32,85.73,87.40,75.73,-2.18%
Jul 31  2011,87.22,96.24,98.64,82.91,-9.02%
Jul 24  2011,95.87,99.77,100.63,94.96,-3.95%
Jul 17  2011,99.81,97.38,100.19,94.69,2.39%
Jul 10  2011,97.48,96.10,99.21,93.55,1.05%
Jul 03  2011,96.47,95.00,99.44,94.37,1.84%
Jun 26  2011,94.73,91.18,95.86,89.63,3.85%
Jun 19  2011,91.22,92.81,95.72,89.70,-1.83%
Jun 12  2011,92.92,98.79,99.97,91.86,-6.08%
Jun 05  2011,98.94,100.44,102.46,97.76,-1.62%
May 29  2011,100.57,100.70,103.40,98.13,-0.18%
May 22  2011,100.75,99.69,101.91,96.38,2.01%
May 15  2011,98.76,100.29,101.92,95.95,-0.59%
May 08  2011,99.35,98.12,104.61,95.26,1.33%
May 01  2011,98.05,113.90,114.84,94.64,-13.79%
Apr 24  2011,113.73,112.36,114.20,110.72,1.23%
Apr 17  2011,112.35,109.44,112.49,105.51,2.71%
Apr 10  2011,109.39,113.30,113.48,105.33,-3.25%
Apr 03  2011,113.06,108.30,113.22,107.50,4.39%
Mar 27  2011,108.31,105.44,108.48,102.71,2.61%
Mar 20  2011,105.55,102.14,106.71,101.45,3.88%
Mar 13  2011,101.61,100.33,103.68,96.24,1.01%
Mar 06  2011,100.59,104.66,106.96,99.02,-4.12%
Feb 27  2011,104.91,98.50,105.17,96.38,6.81%
Feb 20  2011,98.22,86.41,103.44,86.28,14.01%
Feb 13  2011,86.15,85.60,87.98,83.95,0.98%
Feb 06  2011,85.31,89.09,89.57,85.13,-4.29%
Jan 30  2011,89.13,89.98,92.85,88.41,-0.40%
Jan 23  2011,89.49,89.27,89.74,85.12,0.40%
Jan 16  2011,89.13,91.56,92.15,88.05,-2.76%
Jan 09  2011,91.66,89.03,92.42,88.16,3.59%
Jan 02  2011,88.48,91.32,92.59,87.26,-3.19%
Dec 26  2010,91.40,91.07,92.06,89.03,-0.08%
Dec 19  2010,91.47,88.24,91.69,87.32,3.68%
Dec 12  2010,88.22,87.70,89.50,86.84,0.47%
Dec 05  2010,87.81,89.45,90.77,87.11,-1.82%
Nov 28  2010,89.44,83.91,89.50,83.56,6.62%
Nov 21  2010,83.89,82.17,84.55,80.30,2.78%
Nov 14  2010,81.62,84.90,85.80,80.09,-3.69%
Nov 07  2010,84.75,87.44,88.68,84.57,-3.05%
Oct 31  2010,87.42,81.47,87.45,81.34,7.36%
Oct 24  2010,81.43,82.02,83.29,80.53,-0.57%
Oct 17  2010,81.90,81.40,83.30,79.27,0.55%
Oct 10  2010,81.45,82.99,84.16,80.79,-1.68%
Oct 03  2010,82.84,81.71,84.46,80.33,1.36%
Sep 26  2010,81.73,76.48,81.77,75.53,6.88%
Sep 19  2010,76.47,73.62,76.71,72.84,4.04%
Sep 12  2010,73.50,76.42,78.11,72.81,-3.77%
Sep 05  2010,76.38,74.34,76.77,72.66,2.76%
Aug 29  2010,74.33,75.52,75.59,71.55,-1.63%
Aug 22  2010,75.56,73.91,75.60,70.77,2.89%
Aug 15  2010,73.44,75.66,76.69,73.25,-2.81%
Aug 08  2010,75.56,80.94,81.80,75.05,-6.58%
Aug 01  2010,80.88,79.02,83.03,78.90,2.42%
Jul 25  2010,78.97,79.00,79.71,75.92,0.13%
Jul 18  2010,78.87,75.74,79.62,75.52,4.08%
Jul 11  2010,75.78,76.32,78.18,74.28,-0.88%
Jul 04  2010,76.45,72.08,76.50,71.11,5.75%
Jun 27  2010,72.29,79.04,79.42,71.66,-8.68%
Jun 20  2010,79.16,77.53,79.22,75.20,2.35%
Jun 13  2010,77.34,74.09,78.16,74.08,4.19%
Jun 06  2010,74.23,70.42,76.37,69.58,4.67%
May 30  2010,70.92,74.01,75.46,70.77,-4.41%
May 23  2010,74.19,70.86,75.95,67.39,5.35%
May 16  2010,70.42,71.92,72.64,64.36,-2.24%
May 09  2010,72.03,76.13,78.53,70.85,-4.52%
May 02  2010,75.44,86.22,87.18,74.53,-12.47%
Apr 25  2010,86.19,85.26,86.54,81.34,1.33%
Apr 18  2010,85.06,82.94,85.22,80.56,2.54%
Apr 11  2010,82.95,85.19,86.41,82.53,-2.26%
Apr 04  2010,84.87,85.45,87.23,84.26,-0.47%
Mar 28  2010,85.27,80.28,85.41,80.22,6.40%
Mar 21  2010,80.14,80.94,82.21,78.58,-0.67%
Mar 14  2010,80.68,81.19,83.15,79.19,-0.52%
Mar 07  2010,81.10,81.81,83.18,80.18,-0.84%
Feb 28  2010,81.79,79.85,82.08,78.07,2.71%
Feb 21  2010,79.63,80.16,80.56,77.10,-0.57%
Feb 14  2010,80.09,74.08,80.16,73.77,7.94%
Feb 07  2010,74.20,72.22,75.72,70.80,3.18%
Jan 31  2010,71.91,72.86,78.06,69.52,-1.05%
Jan 24  2010,72.67,74.30,75.48,72.50,-1.89%
Jan 17  2010,74.07,77.90,79.20,74.06,-4.98%
Jan 10  2010,77.95,82.89,83.96,77.71,-5.98%
Jan 03  2010,82.91,79.67,83.56,79.67,4.15%
Dec 27  2009,79.61,77.94,80.02,77.78,2.41%
Dec 20  2009,77.74,73.08,78.28,72.02,6.38%
Dec 13  2009,73.08,69.66,74.72,68.62,5.02%
Dec 06  2009,69.59,75.83,76.13,69.49,-8.10%
Nov 29  2009,75.72,76.08,79.07,74.88,-0.33%
Nov 22  2009,75.97,77.82,79.94,72.41,-0.94%
Nov 15  2009,76.69,76.69,80.44,76.31,0.22%
Nov 08  2009,76.52,77.89,80.53,75.59,-1.21%
Nov 01  2009,77.46,77.03,81.07,76.56,0.53%
Oct 25  2009,77.05,79.66,81.58,76.85,-3.92%
Oct 18  2009,80.19,78.56,82.00,77.65,2.06%
Oct 11  2009,78.57,72.25,78.76,72.06,9.11%
Oct 04  2009,72.01,69.82,72.56,68.06,3.31%
Sep 27  2009,69.70,66.16,71.39,65.41,5.59%
Sep 20  2009,66.01,71.79,72.21,65.06,-8.32%
Sep 13  2009,72.00,69.16,73.16,68.03,3.84%
Sep 06  2009,69.34,67.88,72.91,67.55,2.00%
Aug 30  2009,67.98,71.01,73.37,67.06,-6.65%
Aug 23  2009,72.82,73.76,75.01,69.84,-1.39%
Aug 16  2009,73.85,67.70,74.73,65.24,9.52%
Aug 09  2009,67.43,70.68,72.22,67.12,-4.48%
Aug 02  2009,70.59,69.31,72.85,69.10,2.60%
Jul 26  2009,68.80,68.05,69.74,62.70,1.18%
Jul 19  2009,68.00,63.39,68.21,63.20,7.05%
Jul 12  2009,63.52,59.87,64.00,58.33,6.22%
Jul 05  2009,59.80,66.50,67.18,58.73,-9.98%
Jun 28  2009,66.43,69.26,73.39,66.27,-4.07%
Jun 21  2009,69.25,69.90,71.30,66.25,-0.53%
Jun 14  2009,69.62,72.21,72.78,68.91,-3.43%
Jun 07  2009,72.09,68.32,73.24,66.78,5.32%
May 31  2009,68.45,66.48,70.32,64.95,3.21%
May 24  2009,66.32,61.51,66.65,59.54,7.70%
May 17  2009,61.58,56.47,62.27,56.12,8.95%
May 10  2009,56.52,58.50,60.09,56.08,-3.52%
May 03  2009,58.58,52.62,58.75,52.56,10.78%
Apr 26  2009,52.88,51.46,53.66,48.02,2.50%
Apr 19  2009,51.59,50.16,51.76,43.84,2.73%
Apr 12  2009,50.22,52.02,52.16,48.86,-3.74%
Apr 05  2009,52.17,52.41,53.61,47.38,-0.27%
Mar 29  2009,52.31,52.25,53.91,47.27,-0.10%
Mar 22  2009,52.36,52.14,54.66,51.62,2.57%
Mar 15  2009,51.05,45.69,52.73,44.10,10.79%
Mar 08  2009,46.08,45.77,48.83,42.08,1.21%
Mar 01  2009,45.53,44.34,46.30,39.44,2.06%
Feb 22  2009,44.61,39.73,45.30,37.66,20.18%
Feb 15  2009,37.12,41.64,43.68,37.96,-2.06%
Feb 08  2009,37.90,39.89,42.44,33.56,-5.96%
Feb 01  2009,40.30,41.76,42.69,38.61,-3.26%
Jan 25  2009,41.66,46.06,48.60,40.19,-9.47%
Jan 18  2009,46.02,36.15,47.01,32.71,27.73%
Jan 11  2009,36.03,40.58,40.83,33.23,-11.95%
Jan 04  2009,40.92,47.05,50.47,39.39,-11.35%
Dec 28  2008,46.16,38.41,46.75,36.95,22.80%
Dec 21  2008,37.59,42.80,43.45,35.14,4.74%
Dec 14  2008,35.89,49.45,52.73,35.08,-22.60%
Dec 07  2008,46.37,41.66,49.14,41.57,11.73%
Nov 30  2008,41.50,54.62,54.62,40.50,-24.71%
Nov 23  2008,55.12,50.99,56.00,48.82,10.86%
Nov 16  2008,49.72,56.75,58.99,48.26,-13.23%
Nov 09  2008,57.30,61.80,65.56,54.67,-6.48%
Nov 02  2008,61.27,67.39,71.78,59.98,-9.71%
Oct 26  2008,67.86,64.79,70.61,61.31,5.19%
Oct 19  2008,64.51,72.17,76.13,62.66,-10.79%
Oct 12  2008,72.31,80.14,84.84,68.58,-7.58%
Oct 05  2008,78.24,92.51,93.03,77.10,-16.55%
Sep 28  2008,93.76,106.90,106.92,91.31,-12.23%
Sep 21  2008,106.82,104.97,130.00,103.22,2.76%
Sep 14  2008,103.95,101.05,105.30,90.56,3.00%
Sep 07  2008,100.92,107.77,109.91,100.01,-5.27%
Aug 31  2008,106.53,116.67,118.61,105.14,-7.85%
Aug 24  2008,115.61,114.70,120.51,112.37,1.02%
Aug 17  2008,114.44,113.95,122.05,111.65,0.84%
Aug 10  2008,113.49,115.23,117.49,111.37,-1.36%
Aug 03  2008,115.05,125.99,126.36,114.63,-7.99%
Jul 27  2008,125.04,123.42,128.61,120.43,1.36%
Jul 20  2008,123.36,128.89,132.08,122.51,-4.27%
Jul 13  2008,128.86,144.71,146.75,128.25,-11.02%
Jul 06  2008,144.82,144.30,147.30,135.16,-0.41%
Jun 29  2008,145.41,140.63,145.88,139.20,3.33%
Jun 22  2008,140.73,134.81,143.00,131.96,4.48%
Jun 15  2008,134.70,134.44,139.93,131.23,-0.10%
Jun 08  2008,134.84,137.97,138.31,130.81,-2.86%
Jun 01  2008,138.81,127.63,139.12,121.61,8.92%
May 25  2008,127.44,131.69,133.66,124.69,-3.40%
May 18  2008,131.92,126.36,135.10,125.29,4.35%
May 11  2008,126.42,125.85,127.83,120.76,0.36%
May 04  2008,125.97,116.50,126.28,116.06,8.30%
Apr 27  2008,116.32,118.96,119.94,110.31,-1.84%
Apr 20  2008,118.50,116.94,119.91,114.26,1.42%
Apr 13  2008,116.84,110.01,117.01,109.57,5.98%
Apr 06  2008,110.25,106.12,112.22,105.87,3.98%
Mar 30  2008,106.03,105.12,106.78,99.56,0.65%
Mar 23  2008,105.35,101.72,108.24,99.15,3.59%
Mar 16  2008,101.70,110.10,111.80,98.66,-7.64%
Mar 09  2008,110.11,105.27,111.02,104.09,4.71%
Mar 02  2008,105.16,101.63,106.55,98.88,3.48%
Feb 24  2008,101.62,98.99,103.05,97.75,2.84%
Feb 17  2008,98.81,95.38,101.32,95.23,3.43%
Feb 10  2008,95.53,91.77,96.68,90.93,3.98%
Feb 03  2008,91.87,88.67,91.99,86.25,3.00%
Jan 27  2008,89.19,90.62,92.71,88.46,-1.58%
Jan 20  2008,90.62,90.59,91.38,86.12,0.10%
Jan 13  2008,90.53,92.93,94.44,89.27,-2.33%
Jan 06  2008,92.69,97.80,98.41,92.32,-5.26%
Dec 30  2007,97.84,96.12,100.09,94.73,1.85%
Dec 23  2007,96.06,93.59,97.93,92.51,2.97%
Dec 16  2007,93.29,91.44,93.85,88.89,2.26%
Dec 09  2007,91.23,88.28,94.86,87.11,3.48%
Dec 02  2007,88.16,88.81,90.75,85.83,-0.38%
Nov 25  2007,88.50,98.28,99.12,88.46,-9.92%
Nov 18  2007,98.25,93.89,99.31,93.17,3.79%
Nov 11  2007,94.66,96.16,96.34,90.28,-1.78%
Nov 04  2007,96.38,95.95,98.64,93.73,0.69%
Oct 28  2007,95.72,91.72,96.25,88.93,4.36%
Oct 21  2007,91.72,88.87,92.22,84.69,3.58%
Oct 14  2007,88.55,83.91,90.07,83.50,5.78%
Oct 07  2007,83.71,81.12,84.06,78.36,3.10%
Sep 30  2007,81.19,81.76,82.03,78.88,-0.55%
Sep 23  2007,81.64,81.31,83.77,78.45,0.32%
Sep 16  2007,81.38,79.03,83.91,78.25,2.93%
Sep 09  2007,79.06,76.47,80.37,75.53,3.09%
Sep 02  2007,76.69,73.91,77.44,73.49,3.66%
Aug 26  2007,73.98,71.05,74.45,70.21,4.05%
Aug 19  2007,71.10,71.78,71.78,68.63,-0.86%
Aug 12  2007,71.72,71.48,74.24,70.11,0.22%
Aug 05  2007,71.56,75.06,75.11,70.11,-5.08%
Jul 29  2007,75.39,76.93,78.78,75.05,-2.09%
Jul 22  2007,77.00,75.70,77.25,72.92,1.95%
Jul 15  2007,75.53,74.53,76.64,74.02,2.29%
Jul 08  2007,73.84,72.75,74.02,71.60,1.47%
Jul 01  2007,72.77,70.52,72.94,69.57,3.29%
Jun 24  2007,70.45,68.85,71.06,67.07,1.88%
Jun 17  2007,69.15,68.14,69.89,67.30,1.54%
Jun 10  2007,68.10,64.71,68.31,64.53,5.29%
Jun 03  2007,64.68,64.88,67.43,64.54,-0.60%
May 27  2007,65.07,65.00,65.27,62.45,-0.23%
May 20  2007,65.22,64.96,66.38,63.83,0.42%
May 13  2007,64.95,62.43,65.65,61.91,4.10%
May 06  2007,62.39,61.72,62.58,60.69,0.95%
Apr 29  2007,61.80,66.36,66.66,61.56,-6.94%
Apr 22  2007,66.41,64.12,66.71,63.71,4.62%
Apr 15  2007,63.48,63.43,64.66,61.37,-0.20%
Apr 08  2007,63.61,64.30,64.58,61.36,-0.72%
Apr 01  2007,64.07,66.04,66.70,63.57,-2.76%
Mar 25  2007,65.89,62.35,68.10,62.25,5.93%
Mar 18  2007,62.20,57.11,62.66,56.11,9.10%
Mar 11  2007,57.01,59.97,59.97,56.18,-5.16%
Mar 04  2007,60.11,61.30,62.30,59.55,-2.23%
Feb 25  2007,61.48,60.90,62.51,59.94,0.94%
Feb 18  2007,60.91,58.88,61.81,57.34,2.65%
Feb 11  2007,59.34,59.69,59.77,56.62,-0.90%
Feb 04  2007,59.88,59.26,60.80,57.26,1.47%
Jan 28  2007,59.01,55.64,59.26,53.76,6.36%
Jan 21  2007,55.48,52.10,55.91,50.80,7.08%
Jan 14  2007,51.81,52.95,53.56,49.91,-2.10%
Jan 07  2007,52.92,56.25,57.72,51.56,-5.90%
Dec 31  2006,56.24,60.99,61.56,54.91,-7.91%
Dec 24  2006,61.07,62.46,63.22,59.92,-2.15%
Dec 17  2006,62.41,63.22,64.17,61.66,-1.42%
Dec 10  2006,63.31,62.22,63.50,60.66,1.78%
Dec 03  2006,62.20,63.81,63.83,61.53,-2.11%
Nov 26  2006,63.54,59.90,63.78,59.27,5.99%
Nov 19  2006,59.95,58.74,60.41,57.98,7.21%
Nov 12  2006,55.92,59.62,59.94,54.88,-6.14%
Nov 05  2006,59.58,59.16,61.33,58.50,0.83%
Oct 29  2006,59.09,60.76,61.06,57.06,-2.78%
Oct 22  2006,60.78,59.44,61.80,58.13,5.91%
Oct 15  2006,57.39,60.51,62.19,58.20,-2.22%
Oct 08  2006,58.69,59.91,61.31,57.23,-1.74%
Oct 01  2006,59.73,62.82,63.34,57.77,-5.16%
Sep 24  2006,62.98,60.27,64.02,59.54,3.98%
Sep 17  2006,60.57,63.51,64.48,60.02,-4.37%
Sep 10  2006,63.34,66.02,66.50,62.03,-4.48%
Sep 03  2006,66.31,69.26,69.60,66.01,-5.73%
Aug 27  2006,70.34,72.23,72.23,68.68,-4.16%
Aug 20  2006,73.39,71.26,73.79,71.14,3.97%
Aug 13  2006,70.59,73.84,74.00,69.64,-5.07%
Aug 06  2006,74.36,74.80,77.47,73.77,-1.30%
Jul 30  2006,75.34,73.51,76.51,72.78,1.81%
Jul 23  2006,74.00,74.46,75.78,72.81,-1.10%
Jul 16  2006,74.82,76.93,77.76,71.67,-3.76%
Jul 09  2006,77.74,73.95,78.41,72.91,2.93%
Jul 02  2006,75.53,73.98,75.81,73.41,2.64%
Jun 25  2006,73.59,70.89,74.18,70.43,4.34%
Jun 18  2006,70.53,69.90,71.33,68.58,1.66%
Jun 11  2006,69.38,71.61,72.33,68.11,-3.11%
Jun 04  2006,71.61,72.72,73.86,69.11,0.62%
May 28  2006,71.17,71.33,72.77,70.07,0.20%
May 21  2006,71.03,68.55,72.18,67.45,3.63%
May 14  2006,68.54,72.24,72.38,68.19,-5.92%
May 07  2006,72.85,70.07,73.93,68.28,3.94%
Apr 30  2006,70.09,71.74,75.03,69.34,-2.10%
Apr 23  2006,71.59,75.35,75.35,70.50,-4.78%
Apr 16  2006,75.18,69.61,75.41,69.36,8.27%
Apr 09  2006,69.44,67.41,69.61,67.23,2.97%
Apr 02  2006,67.44,66.28,68.23,65.63,1.49%
Mar 26  2006,66.45,64.90,67.80,63.95,3.18%
Mar 19  2006,64.40,62.79,64.79,59.64,1.42%
Mar 12  2006,63.50,60.05,63.89,59.58,5.89%
Mar 05  2006,59.97,63.83,64.00,59.33,-5.11%
Feb 26  2006,63.20,62.80,63.80,60.30,0.64%
Feb 19  2006,62.80,61.75,63.75,60.20,5.35%
Feb 12  2006,59.61,62.25,62.33,57.69,-4.38%
Feb 05  2006,62.34,65.01,66.03,60.62,-4.37%
Jan 29  2006,65.19,67.48,68.63,63.59,-2.98%
Jan 22  2006,67.19,68.59,69.34,65.45,-1.84%
Jan 15  2006,68.45,65.07,69.05,64.85,7.86%
Jan 08  2006,63.46,64.16,65.06,62.61,-0.28%
Jan 01  2006,63.64,60.83,64.23,60.59,6.28%
Dec 25  2005,59.88,58.31,61.27,57.31,3.49%
Dec 18  2005,57.86,58.04,59.33,56.94,-1.48%
Dec 11  2005,58.73,59.64,62.03,58.13,-3.55%
Dec 04  2005,60.89,59.38,61.47,59.00,3.41%
Nov 27  2005,58.88,58.12,59.56,55.73,0.70%
Nov 20  2005,58.47,57.45,59.17,57.12,4.78%
Nov 13  2005,55.80,57.68,58.40,55.28,-2.99%
Nov 06  2005,57.52,60.12,60.45,56.95,-5.97%
Oct 30  2005,61.17,61.22,62.17,58.77,-0.11%
Oct 23  2005,61.24,60.27,63.16,59.51,3.17%
Oct 16  2005,59.36,62.97,64.42,59.16,-4.17%
Oct 09  2005,61.94,61.83,64.73,60.39,0.57%
Oct 02  2005,61.59,66.41,66.83,60.91,-7.20%
Sep 25  2005,66.37,63.46,67.42,62.67,0.44%
Sep 18  2005,66.08,63.41,68.28,63.22,3.70%
Sep 11  2005,63.72,64.52,66.03,62.92,-1.97%
Sep 04  2005,65.00,66.60,67.56,63.11,-4.45%
Aug 28  2005,68.03,68.62,70.87,66.32,0.65%
Aug 21  2005,67.59,65.59,68.19,64.84,4.99%
Aug 14  2005,64.38,66.88,67.03,62.29,-2.54%
Aug 07  2005,66.06,62.32,67.11,62.22,6.70%
Jul 31  2005,61.91,60.54,62.53,60.54,2.60%
Jul 24  2005,60.34,58.75,61.05,57.66,4.12%
Jul 17  2005,57.95,57.73,58.71,55.84,-0.31%
Jul 10  2005,58.13,59.62,61.52,57.48,-5.56%
Jul 03  2005,61.55,58.91,62.12,57.22,8.50%
Jun 26  2005,56.73,59.91,60.96,55.91,-5.01%
Jun 19  2005,59.72,58.53,60.02,57.87,3.47%
Jun 12  2005,57.72,53.60,58.77,53.22,6.28%
Jun 05  2005,54.31,55.23,55.58,52.25,0.11%
May 29  2005,54.25,51.69,55.11,50.61,5.75%
May 22  2005,51.30,48.10,51.85,47.90,9.34%
May 15  2005,46.92,48.89,49.57,46.42,-3.36%
May 08  2005,48.55,51.31,53.13,47.78,-5.60%
May 01  2005,51.43,49.29,52.24,48.81,2.02%
Apr 24  2005,50.41,54.14,54.99,48.49,-8.43%
Apr 17  2005,55.05,49.98,55.45,49.21,8.58%
Apr 10  2005,50.70,53.27,54.05,49.75,-5.41%
Apr 03  2005,53.60,57.17,58.30,52.72,-5.18%
Mar 27  2005,56.53,53.61,56.88,51.67,4.09%
Mar 20  2005,54.31,56.69,57.59,53.41,-4.20%
Mar 13  2005,56.69,54.46,57.61,53.53,5.53%
Mar 06  2005,53.72,54.34,56.43,53.28,0.96%
Feb 27  2005,53.21,51.81,55.21,50.66,4.33%
Feb 20  2005,51.00,48.41,52.08,48.41,6.03%
Feb 13  2005,48.10,46.70,48.30,46.25,0.42%
Feb 06  2005,47.90,46.32,47.48,44.60,2.20%
Jan 30  2005,46.87,46.71,48.28,45.78,-2.80%
Jan 23  2005,48.22,48.89,49.75,46.80,0.94%
Jan 16  2005,47.77,48.61,49.51,46.41,-1.32%
Jan 09  2005,48.41,45.70,48.74,45.05,6.35%
Jan 02  2005,45.52,43.45,46.45,41.59,6.45%
Dec 26  2004,42.76,43.88,43.88,41.01,-2.62%
Dec 19  2004,43.91,46.20,46.20,43.66,-3.60%
Dec 12  2004,45.55,41.75,47.20,41.10,5.64%
Dec 05  2004,43.12,42.52,43.62,40.27,-0.05%
Nov 28  2004,43.14,49.55,50.55,42.19,-11.31%
Nov 21  2004,48.64,48.81,50.26,47.81,0.81%
Nov 14  2004,48.25,47.26,49.05,45.40,2.05%
Nov 07  2004,47.28,49.84,49.84,47.20,-3.55%
Oct 31  2004,49.02,51.84,52.52,48.31,-4.80%
Oct 24  2004,51.49,54.74,55.36,50.16,-6.92%
Oct 17  2004,55.32,55.24,55.94,53.03,1.69%
Oct 10  2004,54.40,53.41,55.22,51.71,2.89%
Oct 03  2004,52.87,50.08,53.58,49.62,7.00%
Sep 26  2004,49.41,48.77,50.48,48.41,2.38%
Sep 19  2004,48.26,45.61,49.02,45.32,8.11%
Sep 12  2004,44.64,43.14,45.81,42.77,2.57%
Sep 05  2004,43.52,42.95,44.47,41.77,-0.82%
Aug 29  2004,43.88,43.28,45.34,41.27,0.90%
Aug 22  2004,43.49,46.82,47.23,42.51,-8.73%
Aug 15  2004,47.65,46.60,49.40,45.63,4.34%
Aug 08  2004,45.67,43.94,46.77,43.42,3.21%
Aug 01  2004,44.25,43.72,44.80,42.65,1.72%
Jul 25  2004,43.50,42.05,44.14,41.34,4.52%
Jul 18  2004,41.62,41.20,42.31,40.26,1.27%
Jul 11  2004,41.10,39.49,41.53,38.71,2.32%
Jul 04  2004,40.17,39.02,40.67,38.97,4.28%
Jun 27  2004,38.52,37.34,39.15,35.57,2.72%
Jun 20  2004,37.50,38.64,39.04,37.09,-2.67%
Jun 13  2004,38.53,38.29,38.85,36.92,2.26%
Jun 06  2004,37.68,38.45,39.15,36.46,-2.64%
May 30  2004,38.70,40.48,42.53,38.23,-1.80%
May 23  2004,39.41,40.00,41.83,39.00,-2.76%
May 16  2004,40.53,41.30,41.86,39.66,-2.24%
May 09  2004,41.46,39.80,41.52,38.24,3.99%
May 02  2004,39.87,37.41,40.02,37.27,5.64%
Apr 25  2004,37.74,36.76,38.19,36.56,2.61%
Apr 18  2004,36.78,37.66,38.30,35.36,-2.44%
Apr 11  2004,37.70,37.19,37.90,36.20,3.32%
Apr 04  2004,36.49,34.22,37.32,33.95,7.89%
Mar 28  2004,33.82,35.69,36.78,33.31,-5.24%
Mar 21  2004,35.69,38.18,38.18,34.84,-6.10%
Mar 14  2004,38.01,36.26,38.61,35.96,3.97%
Mar 07  2004,36.56,37.33,37.58,35.36,-1.72%
Feb 29  2004,37.20,36.17,37.47,35.42,4.61%
Feb 22  2004,35.56,34.29,36.24,34.05,-0.45%
Feb 15  2004,35.72,34.55,36.17,34.33,4.44%
Feb 08  2004,34.20,32.38,34.67,32.27,4.33%
Feb 01  2004,32.78,32.92,34.91,31.92,-1.44%
Jan 25  2004,33.26,34.84,35.03,32.46,-4.81%
Jan 18  2004,34.94,34.93,36.38,33.76,0.32%
Jan 11  2004,34.83,34.53,35.58,33.45,0.75%
Jan 04  2004,34.57,32.45,34.75,32.32,5.11%
Dec 28  2003,32.89,32.77,33.22,32.12,2.52%
Dec 21  2003,32.08,32.92,33.03,31.28,-3.63%
Dec 14  2003,33.29,32.43,34.32,32.13,2.43%
Dec 07  2003,32.50,30.41,32.95,30.38,4.77%
Nov 30  2003,31.02,30.14,31.53,29.54,3.57%
Nov 23  2003,29.95,31.42,31.42,29.25,-5.67%
Nov 16  2003,31.75,32.47,33.65,31.48,-1.15%
Nov 09  2003,32.12,30.98,32.34,30.47,5.10%
Nov 02  2003,30.56,29.14,31.16,28.48,6.22%
Oct 26  2003,28.77,30.11,30.33,28.27,-4.61%
Oct 19  2003,30.16,31.23,31.37,29.96,-2.39%
Oct 12  2003,30.90,32.21,32.73,30.14,-3.71%
Oct 05  2003,32.09,30.39,32.48,29.32,8.45%
Sep 28  2003,29.59,28.25,30.46,28.25,5.08%
Sep 21  2003,28.16,26.98,28.71,26.77,4.68%
Sep 14  2003,26.90,28.45,28.60,26.80,-4.34%
Sep 07  2003,28.12,29.11,29.70,28.03,-2.60%
Aug 31  2003,28.87,31.29,31.41,28.52,-9.16%
Aug 24  2003,31.78,32.07,32.43,31.23,-0.19%
Aug 17  2003,31.84,31.29,32.38,30.34,2.78%
Aug 10  2003,30.98,32.16,32.37,30.12,-3.55%
Aug 03  2003,32.12,32.25,32.95,31.55,0.41%
Jul 27  2003,31.99,30.23,32.64,29.86,5.93%
Jul 20  2003,30.20,32.17,32.27,29.34,-5.27%
Jul 13  2003,31.88,31.22,32.12,30.72,0.66%
Jul 06  2003,31.67,30.22,31.82,29.59,3.77%
Jun 29  2003,30.52,29.18,30.86,28.98,5.24%
Jun 22  2003,29.00,29.48,30.00,28.48,-5.32%
Jun 15  2003,30.63,30.48,31.34,29.69,1.02%
Jun 08  2003,30.32,31.61,32.83,30.18,-2.45%
Jun 01  2003,31.08,29.55,31.36,29.55,6.00%
May 25  2003,29.32,29.18,29.67,28.29,0.17%
May 18  2003,29.27,29.17,29.62,28.31,1.56%
May 11  2003,28.82,27.90,29.79,27.53,4.19%
May 04  2003,27.66,25.70,28.13,25.65,7.17%
Apr 27  2003,25.81,26.52,26.91,25.35,-1.75%
Apr 20  2003,26.27,30.52,31.52,25.88,-13.50%
Apr 13  2003,30.37,28.02,30.52,27.44,9.36%
Apr 06  2003,27.77,28.02,28.96,27.04,-1.03%
Mar 30  2003,28.06,30.25,31.34,27.67,-7.21%
Mar 23  2003,30.24,27.43,31.11,27.27,10.69%
Mar 16  2003,27.32,36.20,37.17,26.52,-21.04%
Mar 09  2003,34.60,37.43,37.85,33.50,-7.86%
Mar 02  2003,37.55,36.75,38.14,35.66,1.35%
Feb 23  2003,37.05,35.49,40.02,35.49,4.93%
Feb 16  2003,35.31,36.37,37.53,34.69,-3.23%
Feb 09  2003,36.49,34.79,36.74,34.19,4.11%
Feb 02  2003,35.05,33.38,35.30,32.60,4.44%
Jan 26  2003,33.56,33.35,33.96,32.26,0.87%
Jan 19  2003,33.27,33.74,35.19,31.88,-1.13%
Jan 12  2003,33.65,31.25,33.95,31.08,6.83%
Jan 05  2003,31.50,33.18,33.43,29.85,-3.70%
Dec 29  2002,32.71,32.41,33.31,29.71,0.49%
Dec 22  2002,32.55,30.31,32.66,30.31,8.43%
Dec 15  2002,30.02,28.73,31.36,28.71,5.41%
Dec 08  2002,28.48,27.12,28.67,26.77,5.01%
Dec 01  2002,27.12,27.07,27.88,26.74,1.23%
Nov 24  2002,26.79,26.84,27.11,26.02,0.83%
Nov 17  2002,26.57,25.74,27.46,25.73,4.69%
Nov 10  2002,25.38,25.71,26.52,24.84,-0.86%
Nov 03  2002,25.60,26.79,27.22,24.98,-6.16%
Oct 27  2002,27.28,27.13,27.57,26.54,-0.80%
Oct 20  2002,27.50,29.32,29.39,26.79,-6.81%
Oct 13  2002,29.51,29.45,30.20,29.05,0.92%
Oct 06  2002,29.24,29.71,30.09,28.51,-1.22%
Sep 29  2002,29.60,30.93,31.40,29.57,-3.11%
Sep 22  2002,30.55,29.86,31.25,29.86,3.14%
Sep 15  2002,29.62,29.86,30.07,28.31,0.65%
Sep 08  2002,29.43,29.64,30.27,28.71,-1.31%
Sep 01  2002,29.82,29.14,30.34,27.77,2.86%
Aug 25  2002,28.99,28.69,29.66,28.16,1.29%
Aug 18  2002,28.62,29.29,30.30,28.32,-2.29%
Aug 11  2002,29.29,26.96,29.52,26.55,9.54%
Aug 04  2002,26.74,26.72,27.27,26.14,1.94%
Jul 28  2002,26.23,26.62,27.77,26.10,-1.21%
Jul 21  2002,26.55,27.70,27.70,25.90,-3.66%
Jul 14  2002,27.56,27.94,28.44,27.23,0.29%
Jul 07  2002,27.48,26.79,27.52,25.75,3.35%
Jun 30  2002,26.59,27.07,27.32,26.55,-0.78%
Jun 23  2002,26.80,25.85,27.20,25.85,4.61%
Jun 16  2002,25.62,26.27,26.74,25.34,-1.16%
Jun 09  2002,25.92,24.54,26.06,23.83,4.73%
Jun 02  2002,24.75,25.21,25.41,24.14,-1.08%
May 26  2002,25.02,25.66,25.73,24.30,-2.91%
May 19  2002,25.77,28.12,28.46,25.38,-8.13%
May 12  2002,28.05,27.65,29.44,27.00,1.30%
May 05  2002,27.69,26.88,28.84,26.19,4.57%
Apr 28  2002,26.48,27.05,27.77,25.68,-1.96%
Apr 21  2002,27.01,26.53,27.34,25.91,2.62%
Apr 14  2002,26.32,24.32,26.72,23.68,10.36%
Apr 07  2002,23.85,26.94,27.77,23.85,-9.11%
Mar 31  2002,26.24,27.01,28.90,25.59,0.46%
Mar 24  2002,26.12,25.61,26.63,24.95,2.71%
Mar 17  2002,25.43,24.41,25.86,24.12,3.88%
Mar 10  2002,24.48,23.88,24.76,23.66,3.51%
Mar 03  2002,23.65,22.63,24.95,22.33,6.63%
Feb 24  2002,22.18,21.17,22.97,20.54,5.72%
Feb 17  2002,20.98,21.14,21.23,20.07,-2.46%
Feb 10  2002,21.51,20.56,22.05,20.26,7.60%
Feb 03  2002,19.99,20.63,20.66,19.56,4.11%
Jan 27  2002,19.20,20.10,20.59,18.60,-3.27%
Jan 20  2002,19.85,18.08,20.20,18.03,7.41%
Jan 13  2002,18.48,19.70,19.79,17.87,-9.14%
Jan 06  2002,20.34,21.55,22.02,19.62,-3.97%
Dec 30  2001,21.18,20.59,21.93,19.89,3.77%
Dec 23  2001,20.41,19.64,21.50,19.64,4.03%
Dec 16  2001,19.62,19.23,20.18,18.79,2.03%
Dec 09  2001,19.23,18.57,19.25,17.80,1.00%
Dec 02  2001,19.04,19.40,20.78,17.92,-2.06%
Nov 25  2001,19.44,19.36,19.80,18.35,0.36%
Nov 18  2001,19.37,18.31,19.57,16.71,8.21%
Nov 11  2001,17.90,22.23,22.45,16.98,-19.55%
Nov 04  2001,22.25,20.28,22.51,19.66,11.14%
Oct 28  2001,20.02,22.36,22.72,19.86,-9.00%
Oct 21  2001,22.00,22.00,22.64,21.45,1.38%
Oct 14  2001,21.70,22.44,22.60,20.89,-5.90%
Oct 07  2001,23.06,22.05,23.42,21.39,0.04%
Sep 30  2001,23.05,23.52,23.55,21.74,-1.33%
Sep 23  2001,23.36,26.03,26.03,20.43,-10.05%
Sep 16  2001,25.97,28.30,29.25,25.80,-14.09%
Sep 09  2001,30.23,28.42,30.45,28.04,7.85%
Sep 02  2001,28.03,27.17,28.15,26.76,3.05%
Aug 26  2001,27.20,26.97,27.60,26.44,1.12%
Aug 19  2001,26.90,26.60,28.10,26.28,0.82%
Aug 12  2001,26.68,28.04,28.27,26.55,-4.88%
Aug 05  2001,28.05,27.53,28.42,27.38,1.56%
Jul 29  2001,27.62,27.00,27.92,26.31,2.22%
Jul 22  2001,27.02,26.41,27.15,25.86,5.05%
Jul 15  2001,25.72,26.68,26.71,24.67,-3.27%
Jul 08  2001,26.59,28.09,28.26,25.94,-5.74%
Jul 01  2001,28.21,26.31,28.29,25.38,7.47%
Jun 24  2001,26.25,26.84,27.49,25.10,-2.16%
Jun 17  2001,26.83,28.44,28.54,25.85,-5.89%
Jun 10  2001,28.51,28.40,29.63,28.40,1.10%
Jun 03  2001,28.20,28.09,28.41,27.27,0.97%
May 27  2001,27.93,28.35,29.05,27.55,-1.59%
May 20  2001,28.38,29.90,30.20,28.10,-5.12%
May 13  2001,29.91,28.58,29.99,28.08,4.76%
May 06  2001,28.55,28.34,28.85,27.05,0.67%
Apr 29  2001,28.36,28.39,29.05,27.37,0.32%
Apr 22  2001,28.27,27.60,28.65,26.75,3.63%
Apr 15  2001,27.28,28.11,29.04,26.80,-3.43%
Apr 08  2001,28.25,27.02,28.84,27.01,4.01%
Apr 01  2001,27.16,26.26,27.69,25.39,3.31%
Mar 25  2001,26.29,27.40,28.04,25.75,-3.70%
Mar 18  2001,27.30,26.85,27.45,25.70,2.09%
Mar 11  2001,26.74,27.92,28.24,26.12,-4.33%
Mar 04  2001,27.95,28.02,29.20,27.97,0.40%
Feb 25  2001,27.84,28.90,29.18,27.16,-4.13%
Feb 18  2001,29.04,29.42,29.57,28.31,-0.41%
Feb 11  2001,29.16,30.90,31.10,28.55,-6.03%
Feb 04  2001,31.03,31.19,31.87,30.06,-0.51%
Jan 28  2001,31.19,29.77,31.27,28.27,4.77%
Jan 21  2001,29.77,32.25,32.70,28.65,-7.52%
Jan 14  2001,32.19,30.30,32.40,29.02,7.12%
Jan 07  2001,30.05,28.12,30.15,26.92,7.51%
Dec 31  2000,27.95,26.90,28.78,26.65,4.29%
Dec 24  2000,26.80,26.20,27.00,25.62,2.37%
Dec 17  2000,26.18,28.93,29.85,25.58,-9.22%
Dec 10  2000,28.84,28.23,30.07,27.54,1.41%
Dec 03  2000,28.44,32.10,32.75,27.85,-11.18%
Nov 26  2000,32.02,35.18,35.69,31.90,-9.55%
Nov 19  2000,35.40,34.98,35.84,34.67,-0.14%
Nov 12  2000,35.45,34.15,35.70,33.92,4.20%
Nov 05  2000,34.02,32.48,34.13,32.10,4.00%
Oct 29  2000,32.71,32.90,33.74,32.10,-0.09%
Oct 22  2000,32.74,33.00,34.08,32.62,-3.71%
Oct 15  2000,34.00,34.79,35.05,32.65,-2.83%
Oct 08  2000,34.99,30.90,37.00,30.86,13.38%
Oct 01  2000,30.86,30.97,32.33,30.19,0.06%
Sep 24  2000,30.84,32.20,32.23,30.20,-5.63%
Sep 17  2000,32.68,35.85,37.80,32.50,-9.02%
Sep 10  2000,35.92,33.60,36.00,32.70,6.81%
Sep 03  2000,33.63,33.68,35.46,33.40,0.75%
Aug 27  2000,33.38,31.96,33.70,31.83,4.21%
Aug 20  2000,32.03,31.91,33.00,31.10,0.13%
Aug 13  2000,31.99,31.03,32.75,30.64,3.13%
Aug 06  2000,31.02,29.91,31.85,28.66,3.54%
Jul 30  2000,29.96,28.17,30.00,27.26,6.32%
Jul 23  2000,28.18,28.51,28.69,27.74,-1.33%
Jul 16  2000,28.56,31.05,32.35,28.51,-9.04%
Jul 09  2000,31.40,29.99,31.60,29.18,3.70%
Jul 02  2000,30.28,31.15,31.40,29.48,-6.83%
Jun 25  2000,32.50,32.26,32.95,31.06,0.78%
Jun 18  2000,32.25,32.10,33.40,30.25,-0.25%
Jun 11  2000,32.33,30.48,33.30,30.27,7.05%
Jun 04  2000,30.20,30.32,30.75,28.90,-0.49%
May 28  2000,30.35,30.00,30.77,28.87,1.17%
May 21  2000,30.00,29.76,30.82,28.35,0.37%
May 14  2000,29.89,29.20,30.48,29.07,0.91%
May 07  2000,29.62,27.30,30.00,27.05,8.54%
Apr 30  2000,27.29,25.55,27.40,25.52,6.02%
Apr 23  2000,25.74,25.95,26.18,24.60,-0.54%
Apr 16  2000,25.88,25.45,27.50,25.00,1.21%
Apr 09  2000,25.57,24.90,25.96,23.70,2.12%
Apr 02  2000,25.04,26.85,27.12,24.85,-8.31%
Mar 26  2000,27.31,27.59,27.61,25.64,-2.53%
Mar 19  2000,28.02,30.71,30.71,27.20,-9.35%
Mar 12  2000,30.91,31.74,32.25,30.13,-1.65%
Mar 05  2000,31.43,31.67,34.70,30.88,-0.25%
Feb 27  2000,31.51,30.20,32.15,29.82,3.82%
Feb 20  2000,30.35,29.20,30.83,28.72,2.85%
Feb 13  2000,29.51,29.44,30.45,29.05,0.24%
Feb 06  2000,29.44,28.71,29.94,27.71,2.15%
Jan 30  2000,28.82,27.10,28.87,26.70,5.88%
Jan 23  2000,27.22,28.23,28.77,26.95,-4.66%
Jan 16  2000,28.55,28.38,30.30,28.05,1.89%
Jan 09  2000,28.02,24.22,28.10,24.02,15.69%
Jan 02  2000,24.22,25.20,25.69,24.15,-5.39%
Dec 26  1999,25.60,26.01,27.02,25.30,-1.04%
Dec 19  1999,25.87,26.74,26.74,25.12,-3.25%
Dec 12  1999,26.74,25.20,27.00,24.90,5.98%
Dec 05  1999,25.23,25.82,26.76,24.60,-2.25%
Nov 28  1999,25.81,26.55,26.55,24.10,-3.94%
Nov 21  1999,26.87,26.14,27.15,26.14,1.17%
Nov 14  1999,26.56,24.90,27.00,24.90,6.62%
Nov 07  1999,24.91,22.94,24.98,22.73,8.30%
Oct 31  1999,23.00,22.00,23.50,21.77,5.75%
Oct 24  1999,21.75,23.45,23.86,21.55,-7.25%
Oct 17  1999,23.45,22.85,23.52,21.80,2.76%
Oct 10  1999,22.82,20.93,23.16,20.55,9.19%
Oct 03  1999,20.90,24.43,24.54,20.71,-14.83%
Sep 26  1999,24.54,24.70,25.12,24.18,-0.89%
Sep 19  1999,24.76,24.77,24.99,23.90,0.16%
Sep 12  1999,24.72,23.50,24.85,23.37,4.97%
Sep 05  1999,23.55,22.04,23.60,21.96,7.05%
Aug 29  1999,22.00,21.35,22.29,21.20,3.43%
Aug 22  1999,21.27,21.88,22.10,20.40,-1.85%
Aug 15  1999,21.67,21.77,21.97,21.18,0.00%
Aug 08  1999,21.67,20.82,21.93,20.76,3.78%
Aug 01  1999,20.88,20.40,20.92,20.10,1.70%
Jul 25  1999,20.53,20.45,21.12,20.09,-0.48%
Jul 18  1999,20.63,20.70,20.70,19.15,0.05%
Jul 11  1999,20.62,19.93,20.70,19.58,3.41%
Jul 04  1999,19.94,19.95,20.25,19.43,1.27%
Jun 27  1999,19.69,18.39,19.70,18.18,9.88%
Jun 20  1999,17.92,18.37,19.10,17.92,-0.39%
Jun 13  1999,17.99,18.52,18.75,17.86,-2.39%
Jun 06  1999,18.43,17.31,18.45,17.28,6.41%
May 30  1999,17.32,16.80,17.38,16.21,2.85%
May 23  1999,16.84,17.35,17.55,16.77,-3.27%
May 16  1999,17.41,17.75,18.00,16.63,-3.49%
May 09  1999,18.04,18.05,18.60,17.33,-0.99%
May 02  1999,18.22,18.50,19.05,17.85,-2.36%
Apr 25  1999,18.66,17.75,18.83,17.45,4.42%
Apr 18  1999,17.87,17.23,18.14,17.21,3.12%
Apr 11  1999,17.33,16.74,17.46,16.12,4.59%
Apr 04  1999,16.57,16.55,17.03,15.61,-0.42%
Mar 28  1999,16.64,16.06,17.05,15.93,4.92%
Mar 21  1999,15.86,14.92,15.89,14.64,4.07%
Mar 14  1999,15.24,14.50,15.55,14.23,5.18%
Mar 07  1999,14.49,13.42,15.11,13.36,8.95%
Feb 28  1999,13.30,12.35,13.50,12.18,8.39%
Feb 21  1999,12.27,11.80,12.80,11.70,4.34%
Feb 14  1999,11.76,11.92,12.19,11.26,-1.01%
Feb 07  1999,11.88,11.81,12.07,11.54,0.68%
Jan 31  1999,11.80,12.79,12.90,11.70,-7.45%
Jan 24  1999,12.75,12.75,12.80,11.95,0.47%
Jan 17  1999,12.69,12.14,12.81,11.72,4.79%
Jan 10  1999,12.11,13.03,13.75,12.06,-7.35%
Jan 03  1999,13.07,12.15,13.25,11.93,8.46%