Date,Cluster,crude,gold,nifty,sp500,teny_to_3m,teny_to_twoy,twoy,unemployment
2000-12-24,cluster_6,26.8,272.0,1263.55,1320.28,-0.25,-0.08,5.1,5634.0
2000-12-31,cluster_6,27.95,268.0,1327.25,1298.35,-0.77,0.01,5.11,5634.0
2001-01-07,cluster_6,30.05,263.9,1286.75,1318.55,-0.19,0.37,4.56,6023.0
2001-01-14,cluster_6,32.19,264.3,1329.1,1342.54,-0.08,0.35,4.9,6023.0
2001-01-21,cluster_2,29.77,262.8,1370.1,1354.95,-0.05,0.44,4.75,6023.0
2001-01-28,cluster_4,31.19,267.1,1378.85,1349.47,0.12,0.51,4.78,6023.0
2001-02-04,cluster_7,31.03,259.9,1405.7,1314.76,0.11,0.52,4.65,6089.0
2001-02-11,cluster_3,29.16,258.2,1381.35,1301.53,-0.03,0.36,4.67,6089.0
2001-02-18,cluster_3,29.04,260.9,1320.45,1245.86,0.09,0.36,4.75,6089.0
2001-02-25,cluster_3,27.84,262.1,1306.35,1234.18,0.21,0.57,4.53,6089.0
2001-03-04,cluster_3,27.95,270.8,1254.75,1233.42,0.11,0.47,4.48,6141.0
2001-03-11,cluster_3,26.74,258.1,1193.55,1150.53,0.23,0.48,4.47,6141.0
2001-03-18,cluster_3,27.3,261.5,1161.3,1139.83,0.24,0.52,4.26,6141.0
2001-03-25,cluster_6,26.29,257.9,1148.2,1160.33,0.51,0.56,4.24,6141.0
2001-04-01,cluster_6,27.16,260.0,1139.6,1128.43,0.63,0.75,4.18,6271.0
2001-04-08,cluster_6,28.25,260.1,1024.9,1183.5,0.95,0.82,4.07,6271.0
2001-04-15,cluster_6,27.28,264.8,1144.0,1242.98,1.16,0.81,4.36,6271.0
2001-04-22,cluster_6,28.27,263.9,1101.3,1253.05,1.52,1.03,4.26,6271.0
2001-04-29,cluster_6,28.36,266.1,1130.05,1266.61,1.49,1.06,4.28,6271.0
2001-05-06,cluster_6,28.55,267.9,1140.5,1245.67,1.47,1.07,4.14,6226.0
2001-05-13,cluster_6,29.91,287.4,1172.8,1291.96,1.73,1.15,4.36,6226.0
2001-05-20,cluster_6,28.38,277.9,1174.9,1277.89,1.8,1.04,4.37,6226.0
2001-05-27,cluster_6,27.93,266.4,1148.05,1260.67,1.86,1.21,4.31,6226.0
2001-06-03,cluster_6,28.2,273.4,1126.6,1264.96,1.72,1.17,4.22,6484.0
2001-06-10,cluster_6,28.51,271.2,1087.75,1214.36,1.74,1.21,4.17,6484.0
2001-06-17,cluster_6,26.83,272.3,1087.65,1225.35,1.75,1.26,4.01,6484.0
2001-06-24,cluster_5,26.25,270.6,1107.9,1224.38,1.69,1.21,3.93,6484.0
2001-07-01,cluster_5,28.21,265.9,1065.1,1190.59,1.77,1.17,4.25,6583.0
2001-07-08,cluster_5,26.59,267.1,1110.45,1215.68,1.78,1.25,4.16,6583.0
2001-07-15,cluster_5,25.72,269.9,1077.7,1210.85,1.65,1.15,4.12,6583.0
2001-07-22,cluster_5,27.02,267.4,1051.7,1205.82,1.62,1.17,3.98,6583.0
2001-07-29,cluster_5,27.62,267.9,1074.6,1214.35,1.58,1.26,3.87,6583.0
2001-08-05,cluster_5,28.05,273.9,1071.15,1190.16,1.68,1.29,3.91,7042.0
2001-08-12,cluster_5,26.68,279.3,1069.2,1161.97,1.56,1.26,3.73,7042.0
2001-08-19,cluster_5,26.9,272.5,1069.15,1184.93,1.48,1.17,3.67,7042.0
2001-08-26,cluster_5,27.2,274.4,1053.75,1133.58,1.51,1.17,3.76,7042.0
2001-09-02,cluster_5,28.03,273.1,1035.2,1085.78,1.48,1.21,3.64,7142.0
2001-09-09,cluster_5,30.23,290.2,919.7,1092.54,1.53,1.27,3.53,7142.0
2001-09-16,cluster_5,25.97,291.9,854.2,965.8,1.93,1.7,2.87,7142.0
2001-09-23,cluster_5,23.36,292.4,913.85,1040.94,2.45,1.79,2.91,7142.0
2001-09-30,cluster_5,23.05,291.4,914.6,1071.38,2.2,1.74,2.86,7142.0
2001-10-07,cluster_5,23.06,284.9,960.4,1091.65,2.33,1.81,2.71,7694.0
2001-10-14,cluster_5,21.7,280.1,976.65,1073.48,2.43,1.87,2.81,7694.0
2001-10-21,cluster_5,22.0,277.9,983.2,1104.61,2.44,1.86,2.77,7694.0
2001-10-28,cluster_5,20.02,279.8,997.6,1087.2,2.39,1.9,2.63,7694.0
2001-11-04,cluster_5,22.25,277.4,1004.05,1120.31,2.36,1.89,2.48,8003.0
2001-11-11,cluster_5,17.9,274.7,1035.7,1138.65,2.51,1.89,2.45,8003.0
2001-11-18,cluster_5,19.37,272.9,1059.0,1150.34,2.96,1.82,3.09,8003.0
2001-11-25,cluster_5,19.44,273.9,1067.15,1139.45,3.09,1.84,3.2,8003.0
2001-12-02,cluster_5,19.04,273.9,1112.3,1158.31,3.0,1.94,2.84,8258.0
2001-12-09,cluster_5,19.23,278.0,1087.85,1123.09,3.51,2.01,3.19,8258.0
2001-12-16,cluster_5,19.62,278.0,1050.85,1144.89,3.51,2.04,3.2,8258.0
2001-12-23,cluster_5,20.41,276.5,1033.8,1161.02,3.41,1.95,3.17,8258.0
2001-12-30,cluster_5,21.18,278.9,1096.2,1172.51,3.43,1.99,3.16,8258.0
2002-01-06,cluster_5,20.34,287.4,1088.55,1145.6,3.46,1.99,3.19,8182.0
2002-01-13,cluster_5,18.48,283.1,1093.15,1127.58,3.34,2.16,2.76,8182.0
2002-01-20,cluster_5,19.85,278.8,1080.1,1133.28,3.32,2.03,2.91,8182.0
2002-01-27,cluster_5,19.2,286.0,1081.65,1122.2,3.38,1.93,3.17,8182.0
2002-02-03,cluster_2,19.99,303.5,1123.75,1096.22,3.26,1.94,3.08,8215.0
2002-02-10,cluster_2,21.51,298.4,1159.95,1104.18,3.17,1.95,2.95,8215.0
2002-02-17,cluster_2,20.98,293.2,1163.5,1089.84,3.12,1.89,2.97,8215.0
2002-02-24,cluster_2,22.18,298.0,1178.0,1131.78,3.08,1.87,2.97,8215.0
2002-03-03,cluster_2,23.65,290.1,1187.65,1164.31,3.21,1.8,3.18,8304.0
2002-03-10,cluster_2,24.48,289.9,1169.75,1166.16,3.52,1.73,3.6,8304.0
2002-03-17,cluster_2,25.43,297.3,1138.45,1148.7,3.49,1.72,3.63,8304.0
2002-03-24,cluster_2,26.12,302.6,1129.55,1147.39,3.56,1.63,3.77,8304.0
2002-03-31,cluster_2,26.24,300.1,1141.95,1122.73,3.63,1.7,3.72,8304.0
2002-04-07,cluster_2,23.85,302.1,1146.5,1111.01,3.46,1.73,3.49,8599.0
2002-04-14,cluster_2,26.32,302.3,1100.3,1125.17,3.47,1.77,3.41,8599.0
2002-04-21,cluster_2,27.01,311.6,1097.4,1076.32,3.48,1.85,3.36,8599.0
2002-04-28,cluster_2,26.48,312.2,1096.95,1073.43,3.33,1.86,3.22,8599.0
2002-05-05,cluster_2,27.69,311.0,1116.4,1054.99,3.32,1.91,3.17,8399.0
2002-05-12,cluster_2,28.05,310.6,1090.65,1106.59,3.38,1.96,3.19,8399.0
2002-05-19,cluster_2,25.77,320.4,1067.0,1083.82,3.51,1.86,3.41,8399.0
2002-05-26,cluster_2,25.02,326.5,1028.8,1067.14,3.42,1.88,3.28,8399.0
2002-06-02,cluster_2,24.75,324.6,1048.8,1027.53,3.34,1.86,3.22,8393.0
2002-06-09,cluster_2,25.92,319.1,1085.7,1007.27,3.36,1.94,3.16,8393.0
2002-06-16,cluster_2,25.62,324.6,1062.55,989.14,3.12,1.91,2.92,8393.0
2002-06-23,cluster_2,26.8,313.5,1057.8,989.82,3.07,1.91,2.88,8393.0
2002-06-30,cluster_2,26.59,310.9,1073.8,989.03,3.16,1.96,2.9,8393.0
2002-07-07,cluster_2,27.48,315.6,1058.25,921.39,3.18,2.0,2.9,8390.0
2002-07-14,cluster_2,27.56,323.9,1035.9,847.75,2.92,2.07,2.56,8390.0
2002-07-21,cluster_2,26.55,303.4,973.5,852.84,2.9,2.13,2.48,8390.0
2002-07-28,cluster_2,26.23,307.0,954.75,864.24,2.74,2.23,2.2,8390.0
2002-08-04,cluster_2,26.74,314.2,961.95,908.64,2.7,2.34,1.99,8304.0
2002-08-11,cluster_2,29.29,313.7,979.25,928.77,2.65,2.17,2.1,8304.0
2002-08-18,cluster_2,28.62,306.7,995.2,940.86,2.7,2.04,2.28,8304.0
2002-08-25,cluster_2,28.99,312.4,1010.6,916.07,2.6,2.06,2.19,8304.0
2002-09-01,cluster_2,29.82,319.9,995.2,893.92,2.45,2.0,2.14,8251.0
2002-09-08,cluster_2,29.43,316.6,992.0,889.81,2.39,1.97,2.08,8251.0
2002-09-15,cluster_2,29.62,321.9,969.6,845.39,2.23,1.85,2.07,8251.0
2002-09-22,cluster_2,30.55,319.7,976.45,827.37,2.14,1.85,1.94,8251.0
2002-09-29,cluster_2,29.6,322.1,948.2,800.58,2.06,1.87,1.82,8251.0
2002-10-06,cluster_9,29.24,316.3,971.05,835.32,2.08,1.91,1.78,8307.0
2002-10-13,cluster_9,29.51,312.7,971.65,884.39,2.25,1.98,1.85,8307.0
2002-10-20,cluster_9,27.5,313.4,932.2,897.65,2.47,2.05,2.09,8307.0
2002-10-27,cluster_9,27.28,318.8,951.45,900.96,2.48,2.14,1.98,8307.0
2002-11-03,cluster_9,25.6,321.3,956.95,894.74,2.58,2.25,1.76,8520.0
2002-11-10,cluster_9,25.38,320.7,990.35,909.83,2.63,1.98,1.87,8520.0
2002-11-17,cluster_9,26.57,320.7,1020.15,930.55,2.83,2.14,1.91,8520.0
2002-11-24,cluster_9,26.79,316.8,1050.15,936.31,2.95,2.08,2.1,8520.0
2002-12-01,cluster_9,27.12,326.3,1069.8,912.23,3.0,2.14,2.08,8640.0
2002-12-08,cluster_9,28.48,333.2,1086.2,889.48,2.88,2.2,1.89,8640.0
2002-12-15,cluster_9,30.02,340.5,1079.3,895.76,2.86,2.2,1.87,8640.0
2002-12-22,cluster_9,32.55,349.2,1098.4,875.4,2.76,2.21,1.76,8640.0
2002-12-29,cluster_9,32.71,351.2,1089.6,908.59,2.67,2.23,1.6,8640.0
2003-01-05,cluster_9,31.5,354.5,1080.25,927.57,2.83,2.26,1.79,8520.0
2003-01-12,cluster_9,33.65,356.6,1086.5,901.78,2.96,2.37,1.79,8520.0
2003-01-19,cluster_9,33.27,368.2,1056.05,861.4,2.87,2.35,1.7,8520.0
2003-01-26,cluster_9,33.56,368.3,1041.85,855.7,2.78,2.28,1.66,8520.0
2003-02-02,cluster_9,35.05,369.9,1057.5,829.69,2.82,2.28,1.72,8618.0
2003-02-09,cluster_9,36.49,351.9,1036.0,834.89,2.79,2.33,1.63,8618.0
2003-02-16,cluster_9,35.31,351.8,1066.15,848.17,2.77,2.33,1.62,8618.0
2003-02-23,cluster_9,37.05,350.2,1063.4,841.15,2.71,2.27,1.63,8618.0
2003-03-02,cluster_9,37.55,350.8,1017.1,828.89,2.51,2.18,1.53,8588.0
2003-03-09,cluster_9,34.6,336.5,999.65,833.27,2.51,2.24,1.39,8588.0
2003-03-16,cluster_9,27.32,326.0,1030.55,895.79,2.59,2.16,1.56,8588.0
2003-03-23,cluster_9,30.24,331.5,1000.6,863.5,2.93,2.31,1.8,8588.0
2003-03-30,cluster_9,28.06,325.3,1016.95,878.85,2.78,2.36,1.56,8588.0
2003-04-06,cluster_9,27.77,327.9,949.8,868.3,2.85,2.41,1.55,8842.0
2003-04-13,cluster_9,30.37,327.2,940.7,893.58,2.83,2.35,1.65,8842.0
2003-04-20,cluster_9,26.27,333.4,924.3,898.81,2.8,2.27,1.71,8842.0
2003-04-27,cluster_9,25.81,341.0,938.3,930.08,2.77,2.34,1.57,8842.0
2003-05-04,cluster_9,27.66,348.6,937.85,933.41,2.82,2.38,1.56,8957.0
2003-05-11,cluster_9,28.82,354.7,973.1,944.3,2.58,2.24,1.45,8957.0
2003-05-18,cluster_9,29.27,368.8,967.9,933.22,2.41,2.08,1.38,8957.0
2003-05-25,cluster_9,29.32,364.5,1006.8,963.59,2.26,1.96,1.38,8957.0
2003-06-01,cluster_9,31.08,363.7,1046.4,987.76,2.26,2.04,1.33,9266.0
2003-06-08,cluster_9,30.32,356.6,1056.2,988.61,2.32,2.1,1.27,9266.0
2003-06-15,cluster_9,30.63,356.3,1100.25,995.69,2.27,2.03,1.1,9266.0
2003-06-22,cluster_9,29.0,345.2,1125.55,976.22,2.57,2.18,1.22,9266.0
2003-06-29,cluster_9,30.52,351.0,1138.45,985.7,2.71,2.2,1.38,9266.0
2003-07-06,cluster_9,31.67,344.8,1161.65,998.14,2.8,2.35,1.32,9011.0
2003-07-13,cluster_9,31.88,347.2,1140.0,993.32,2.77,2.37,1.29,9011.0
2003-07-20,cluster_9,30.2,362.7,1162.75,998.68,3.09,2.49,1.51,9011.0
2003-07-27,cluster_9,31.99,346.1,1195.75,980.15,3.29,2.7,1.52,9011.0
2003-08-03,cluster_9,32.12,356.3,1222.65,977.59,3.49,2.59,1.85,8896.0
2003-08-10,cluster_9,30.98,363.2,1247.75,990.67,3.31,2.55,1.72,8896.0
2003-08-17,cluster_9,31.84,363.1,1311.15,993.06,3.6,2.7,1.85,8896.0
2003-08-24,cluster_9,31.78,375.7,1356.55,1008.01,3.5,2.51,1.97,8896.0
2003-08-31,cluster_9,28.87,377.6,1398.4,1021.39,3.47,2.5,1.95,8896.0
2003-09-07,cluster_9,28.12,375.8,1372.1,1018.63,3.39,2.63,1.72,8921.0
2003-09-14,cluster_9,26.9,381.8,1322.15,1036.3,3.31,2.61,1.66,8921.0
2003-09-21,cluster_9,28.16,380.8,1386.95,996.85,3.22,2.47,1.7,8921.0
2003-09-28,cluster_9,29.59,369.4,1449.3,1029.85,3.1,2.44,1.6,8921.0
2003-10-05,cluster_9,32.09,373.6,1523.1,1038.06,3.27,2.56,1.65,8732.0
2003-10-12,cluster_9,30.9,371.8,1569.45,1039.32,3.37,2.64,1.65,8732.0
2003-10-19,cluster_9,30.16,388.9,1506.05,1028.91,3.48,2.51,1.9,8732.0
2003-10-26,cluster_9,28.77,384.5,1555.9,1050.71,3.29,2.48,1.76,8732.0
2003-11-02,cluster_9,30.56,383.3,1592.05,1053.21,3.37,2.48,1.85,8576.0
2003-11-09,cluster_9,32.12,397.8,1550.45,1050.35,3.52,2.44,2.04,8576.0
2003-11-16,cluster_9,31.75,396.0,1540.7,1035.28,3.27,2.38,1.84,8576.0
2003-11-23,cluster_9,29.95,396.8,1615.25,1058.2,3.21,2.31,1.84,8576.0
2003-11-30,cluster_9,31.02,406.4,1645.8,1061.5,3.41,2.28,2.06,8576.0
2003-12-07,cluster_9,32.5,409.4,1698.9,1074.14,3.31,2.35,1.88,8317.0
2003-12-14,cluster_9,33.29,409.2,1778.55,1088.66,3.35,2.42,1.84,8317.0
2003-12-21,cluster_9,32.08,412.3,1837.05,1095.89,3.27,2.33,1.82,8317.0
2003-12-28,cluster_9,32.89,415.7,1946.05,1108.48,3.3,2.35,1.82,8317.0
2004-01-04,cluster_9,34.57,426.4,1971.9,1121.86,3.45,2.44,1.94,8370.0
2004-01-11,cluster_9,34.83,406.7,1900.65,1139.83,3.24,2.43,1.68,8370.0
2004-01-18,cluster_9,34.94,407.9,1847.55,1141.55,3.15,2.34,1.7,8370.0
2004-01-25,cluster_9,33.26,402.2,1809.75,1131.13,3.19,2.38,1.71,8370.0
2004-02-01,cluster_9,32.78,403.6,1833.65,1142.76,3.24,2.32,1.84,8167.0
2004-02-08,cluster_9,34.2,410.3,1913.6,1145.81,3.19,2.35,1.77,8167.0
2004-02-15,cluster_9,35.72,397.5,1852.65,1144.11,3.13,2.35,1.7,8167.0
2004-02-22,cluster_9,35.56,396.4,1800.3,1144.94,3.16,2.35,1.75,8167.0
2004-02-29,cluster_9,37.2,401.3,1867.7,1156.86,3.03,2.33,1.66,8167.0
2004-03-07,cluster_9,36.56,395.3,1812.2,1120.57,2.91,2.28,1.57,8491.0
2004-03-14,cluster_9,38.01,412.5,1725.1,1109.78,2.82,2.24,1.54,8491.0
2004-03-21,cluster_9,35.69,422.1,1747.5,1108.06,2.86,2.24,1.56,8491.0
2004-03-28,cluster_9,33.82,421.6,1841.1,1141.81,2.9,2.26,1.59,8491.0
2004-04-04,cluster_9,36.49,419.9,1853.55,1139.32,3.2,2.29,1.86,8170.0
2004-04-11,cluster_9,37.7,401.0,1868.95,1134.61,3.28,2.33,1.88,8170.0
2004-04-18,cluster_9,36.78,395.1,1892.45,1140.6,3.43,2.34,2.03,8170.0
2004-04-25,cluster_9,37.74,387.0,1796.1,1107.3,3.5,2.19,2.29,8170.0
2004-05-02,cluster_9,39.87,378.7,1804.45,1098.7,3.55,2.22,2.31,8212.0
2004-05-09,cluster_9,41.46,377.0,1582.4,1095.7,3.72,2.15,2.64,8212.0
2004-05-16,cluster_9,40.53,384.8,1560.2,1093.56,3.8,2.2,2.59,8212.0
2004-05-23,cluster_9,39.41,394.0,1508.75,1120.68,3.73,2.16,2.6,8212.0
2004-05-30,cluster_9,38.7,390.9,1521.1,1122.5,3.58,2.12,2.54,8212.0
2004-06-06,cluster_9,37.68,385.9,1508.45,1136.47,3.57,2.08,2.7,8286.0
2004-06-13,cluster_9,38.53,395.1,1491.2,1135.02,3.51,2.0,2.81,8286.0
2004-06-20,cluster_9,37.5,402.9,1488.5,1134.43,3.43,1.91,2.81,8286.0
2004-06-27,cluster_9,38.52,398.3,1537.5,1125.38,3.35,1.92,2.74,8286.0
2004-07-04,cluster_9,40.17,407.5,1553.2,1112.81,3.18,1.94,2.54,8136.0
2004-07-11,cluster_9,41.1,406.6,1558.8,1101.39,3.21,1.94,2.55,8136.0
2004-07-18,cluster_9,41.62,390.5,1601.6,1086.2,3.03,1.84,2.54,8136.0
2004-07-25,cluster_9,43.5,391.0,1632.3,1101.72,3.07,1.76,2.69,8136.0
2004-08-01,cluster_9,44.25,399.8,1633.4,1063.97,3.05,1.82,2.68,7990.0
2004-08-08,cluster_9,45.67,398.9,1598.2,1064.8,2.8,1.84,2.4,7990.0
2004-08-15,cluster_9,47.65,413.2,1590.35,1098.35,2.78,1.75,2.47,7990.0
2004-08-22,cluster_9,43.49,403.3,1609.0,1107.77,2.75,1.78,2.46,7990.0
2004-08-29,cluster_9,43.88,400.5,1634.1,1113.63,2.67,1.75,2.48,7990.0
2004-09-05,cluster_9,43.52,401.9,1668.75,1123.92,2.65,1.69,2.61,7927.0
2004-09-12,cluster_9,44.64,405.8,1733.65,1128.55,2.53,1.69,2.5,7927.0
2004-09-19,cluster_9,48.26,408.1,1722.5,1110.11,2.43,1.61,2.53,7927.0
2004-09-26,cluster_9,49.41,419.5,1775.15,1131.5,2.31,1.42,2.62,7927.0
2004-10-03,cluster_9,52.87,423.1,1820.2,1122.14,2.5,1.58,2.63,8061.0
2004-10-10,cluster_9,54.4,418.7,1795.0,1108.2,2.44,1.54,2.61,8061.0
2004-10-17,cluster_9,55.32,424.6,1779.75,1095.74,2.31,1.54,2.53,8061.0
2004-10-24,cluster_9,51.49,428.5,1786.9,1130.2,2.15,1.45,2.55,8061.0
2004-10-31,cluster_9,49.02,433.6,1852.3,1166.17,2.14,1.49,2.56,8061.0
2004-11-07,cluster_9,47.28,437.9,1872.95,1184.17,2.18,1.41,2.8,7932.0
2004-11-14,cluster_9,48.25,446.8,1872.35,1170.34,2.12,1.34,2.86,7932.0
2004-11-21,cluster_9,48.64,449.3,1901.05,1182.65,2.05,1.25,2.95,7932.0
2004-11-28,cluster_9,43.14,456.0,1996.2,1191.17,2.03,1.21,3.03,7932.0
2004-12-05,cluster_9,43.12,433.9,1969.0,1188.0,2.06,1.33,2.94,7934.0
2004-12-12,cluster_9,45.55,441.6,2012.1,1194.2,1.91,1.21,2.95,7934.0
2004-12-19,cluster_9,43.91,441.9,2062.7,1210.13,2.01,1.18,3.03,7934.0
2004-12-26,cluster_9,42.76,437.5,2080.5,1211.92,2.04,1.21,3.02,7934.0
2005-01-02,cluster_9,45.52,418.9,2015.5,1186.19,2.02,1.16,3.08,7784.0
2005-01-09,cluster_9,48.41,422.7,1931.1,1184.52,1.97,1.09,3.2,7784.0
2005-01-16,cluster_9,47.77,426.7,1925.3,1167.87,1.86,0.99,3.24,7784.0
2005-01-23,cluster_9,48.22,425.8,2008.3,1171.36,1.8,1.0,3.16,7784.0
2005-01-30,cluster_9,46.87,414.0,2077.95,1203.03,1.7,0.91,3.25,7784.0
2005-02-06,cluster_4,47.9,420.5,2082.05,1205.3,1.62,0.8,3.29,7980.0
2005-02-13,cluster_4,48.1,427.1,2055.55,1201.59,1.55,0.76,3.34,7980.0
2005-02-20,cluster_4,51.0,434.9,2060.9,1211.37,1.66,0.82,3.45,7980.0
2005-02-27,cluster_4,53.21,434.2,2148.15,1222.12,1.53,0.73,3.54,7980.0
2005-03-06,cluster_4,53.72,446.2,2154.0,1200.08,1.56,0.75,3.57,7737.0
2005-03-13,cluster_4,56.69,439.3,2109.15,1189.65,1.8,0.83,3.73,7737.0
2005-03-20,cluster_4,54.31,424.7,2015.4,1171.42,1.7,0.79,3.72,7737.0
2005-03-27,cluster_4,56.53,425.9,2067.65,1172.92,1.76,0.72,3.88,7737.0
2005-04-03,cluster_4,53.6,426.9,2031.2,1181.2,1.66,0.71,3.75,7672.0
2005-04-10,cluster_4,50.7,424.9,1956.3,1142.62,1.71,0.73,3.77,7672.0
2005-04-17,cluster_4,55.05,434.3,1967.35,1152.12,1.48,0.73,3.54,7672.0
2005-04-24,cluster_4,50.41,435.0,1902.5,1156.85,1.33,0.64,3.62,7672.0
2005-05-01,cluster_4,51.43,426.1,1977.5,1171.35,1.31,0.55,3.66,7651.0
2005-05-08,cluster_4,48.55,420.2,1988.3,1154.05,1.41,0.55,3.73,7651.0
2005-05-15,cluster_4,46.92,417.4,1992.4,1189.28,1.29,0.51,3.61,7651.0
2005-05-22,cluster_4,51.3,419.8,2076.4,1198.78,1.23,0.44,3.69,7651.0
2005-05-29,cluster_4,54.25,423.7,2094.25,1196.02,1.11,0.44,3.64,7651.0
2005-06-05,cluster_4,54.31,427.4,2090.6,1198.11,0.97,0.41,3.57,7524.0
2005-06-12,cluster_4,57.72,438.3,2123.4,1216.96,1.04,0.34,3.71,7524.0
2005-06-19,cluster_4,59.72,440.5,2194.35,1191.57,1.1,0.37,3.72,7524.0
2005-06-26,cluster_4,56.73,427.8,2211.9,1194.44,0.83,0.33,3.59,7524.0
2005-07-03,cluster_4,61.55,422.9,2196.2,1211.86,0.89,0.3,3.76,7406.0
2005-07-10,cluster_4,58.13,420.7,2212.55,1227.92,0.94,0.33,3.78,7406.0
2005-07-17,cluster_4,57.95,424.7,2265.6,1233.68,0.92,0.32,3.86,7406.0
2005-07-24,cluster_4,60.34,429.9,2312.3,1234.18,0.85,0.31,3.92,7406.0
2005-07-31,cluster_4,61.91,437.2,2361.2,1226.42,0.86,0.26,4.02,7406.0
2005-08-07,cluster_4,66.06,445.9,2361.55,1230.39,0.88,0.29,4.11,7345.0
2005-08-14,cluster_4,64.38,437.2,2383.45,1219.71,0.72,0.19,4.05,7345.0
2005-08-21,cluster_4,67.59,437.4,2357.05,1205.1,0.69,0.18,4.03,7345.0
2005-08-28,cluster_4,68.03,444.2,2415.8,1218.02,0.65,0.14,4.06,7345.0
2005-09-04,cluster_4,65.0,449.0,2455.45,1241.48,0.57,0.28,3.75,7553.0
2005-09-11,cluster_4,63.72,459.5,2552.35,1237.91,0.65,0.26,3.88,7553.0
2005-09-18,cluster_4,66.08,463.5,2477.75,1215.29,0.76,0.29,3.97,7553.0
2005-09-25,cluster_4,66.37,469.0,2601.4,1228.81,0.77,0.23,4.02,7553.0
2005-10-02,cluster_4,61.59,474.7,2574.05,1195.9,0.79,0.16,4.18,7453.0
2005-10-09,cluster_4,61.94,469.2,2484.4,1186.57,0.72,0.17,4.18,7453.0
2005-10-16,cluster_4,59.36,467.0,2443.75,1179.59,0.7,0.21,4.27,7453.0
2005-10-23,cluster_4,61.24,473.0,2316.05,1198.41,0.52,0.17,4.22,7453.0
2005-10-30,cluster_4,61.17,456.3,2419.05,1220.14,0.65,0.18,4.4,7453.0
2005-11-06,cluster_4,57.52,468.3,2548.65,1234.72,0.68,0.19,4.47,7566.0
2005-11-13,cluster_4,55.8,485.6,2620.05,1248.27,0.58,0.11,4.44,7566.0
2005-11-20,cluster_4,58.47,492.1,2664.3,1268.25,0.49,0.1,4.4,7566.0
2005-11-27,cluster_4,58.88,503.3,2697.95,1265.08,0.48,0.1,4.33,7566.0
2005-12-04,cluster_4,60.89,527.0,2756.45,1259.37,0.53,0.09,4.43,7279.0
2005-12-11,cluster_4,58.73,503.4,2810.15,1267.32,0.6,0.11,4.43,7279.0
2005-12-18,cluster_4,57.86,503.0,2804.85,1268.66,0.52,0.08,4.37,7279.0
2005-12-25,cluster_4,59.88,517.1,2836.55,1248.29,0.39,0.01,4.37,7279.0
2006-01-01,cluster_4,63.64,539.7,2914.0,1285.45,0.31,-0.02,4.41,7064.0
2006-01-08,cluster_4,63.46,556.1,2850.55,1287.61,0.16,0.02,4.36,7064.0
2006-01-15,cluster_4,68.45,553.5,2900.95,1261.49,0.03,0.02,4.34,7064.0
2006-01-22,cluster_4,67.19,558.7,2982.75,1283.72,0.02,0.0,4.37,7064.0
2006-01-29,cluster_4,65.19,567.4,2940.6,1264.03,0.07,0.01,4.51,7064.0
2006-02-05,cluster_4,62.34,550.2,3027.55,1266.99,0.06,-0.05,4.59,7184.0
2006-02-12,cluster_4,59.61,551.8,2981.5,1287.24,0.06,-0.1,4.69,7184.0
2006-02-19,cluster_4,62.8,558.8,3050.05,1289.43,0.0,-0.12,4.66,7184.0
2006-02-26,cluster_4,63.2,566.0,3147.35,1287.23,-0.02,-0.16,4.74,7184.0
2006-03-05,cluster_4,59.97,539.9,3183.9,1281.42,0.06,-0.08,4.76,7072.0
2006-03-12,cluster_4,63.5,554.1,3234.05,1307.25,0.14,0.02,4.74,7072.0
2006-03-19,cluster_4,64.4,560.0,3279.8,1302.95,0.04,0.03,4.65,7072.0
2006-03-26,cluster_4,66.45,581.8,3402.55,1294.87,0.02,-0.05,4.72,7072.0
2006-04-02,cluster_4,67.44,588.4,3454.8,1295.5,0.23,0.04,4.82,7120.0
2006-04-09,cluster_4,69.44,596.5,3345.5,1289.12,0.28,0.08,4.89,7120.0
2006-04-16,cluster_4,75.18,632.2,3573.05,1311.28,0.35,0.09,4.96,7120.0
2006-04-23,cluster_4,71.59,651.8,3508.35,1310.61,0.26,0.11,4.9,7120.0
2006-04-30,cluster_4,70.09,682.2,3663.95,1325.76,0.3,0.2,4.87,7120.0
2006-05-07,cluster_4,72.85,710.3,3650.05,1291.24,0.29,0.18,4.94,6980.0
2006-05-14,cluster_4,68.54,656.7,3246.9,1267.03,0.34,0.18,5.01,6980.0
2006-05-21,cluster_4,71.03,650.9,3209.6,1280.16,0.23,0.09,4.96,6980.0
2006-05-28,cluster_4,71.17,635.5,3091.35,1288.22,0.22,0.1,4.96,6980.0
2006-06-04,cluster_4,71.61,608.2,2866.3,1252.3,0.19,0.08,4.92,7001.0
2006-06-11,cluster_4,69.38,578.0,2890.35,1251.54,0.1,-0.03,5.01,7001.0
2006-06-18,cluster_4,70.53,584.8,3042.7,1244.5,0.25,-0.03,5.16,7001.0
2006-06-25,cluster_4,73.59,613.5,3128.2,1270.2,0.25,-0.04,5.27,7001.0
2006-07-02,cluster_4,75.53,632.8,3075.85,1265.48,0.14,-0.01,5.16,7175.0
2006-07-09,cluster_4,77.74,666.6,3123.35,1236.2,0.12,-0.03,5.17,7175.0
2006-07-16,cluster_4,74.82,619.6,2945.0,1240.29,0.01,-0.01,5.08,7175.0
2006-07-23,cluster_4,74.0,634.8,3130.8,1278.55,-0.05,-0.03,5.08,7175.0
2006-07-30,cluster_4,75.34,644.0,3176.75,1279.36,-0.07,0.02,4.98,7175.0
2006-08-06,cluster_4,74.36,633.5,3274.35,1266.74,-0.18,0.0,4.91,7091.0
2006-08-13,cluster_4,70.59,612.1,3356.75,1302.3,-0.1,0.01,4.96,7091.0
2006-08-20,cluster_4,73.39,622.0,3385.95,1295.09,-0.26,-0.03,4.87,7091.0
2006-08-27,cluster_4,70.34,624.4,3435.45,1311.01,-0.32,-0.07,4.86,7091.0
2006-09-03,cluster_4,66.31,609.6,3471.45,1298.92,-0.29,-0.04,4.77,6847.0
2006-09-10,cluster_4,63.34,576.4,3478.6,1319.66,-0.15,-0.02,4.8,6847.0
2006-09-17,cluster_4,60.57,589.4,3544.05,1314.78,-0.16,-0.07,4.87,6847.0
2006-09-24,cluster_4,62.98,598.6,3588.4,1335.85,-0.33,-0.07,4.67,6847.0
2006-10-01,cluster_4,59.73,572.4,3569.7,1349.59,-0.25,-0.07,4.71,6727.0
2006-10-08,cluster_4,58.69,588.8,3676.05,1365.62,-0.25,-0.04,4.74,6727.0
2006-10-15,cluster_4,57.39,593.0,3676.85,1368.6,-0.24,-0.06,4.87,6727.0
2006-10-22,cluster_4,60.78,598.2,3739.35,1377.34,-0.3,-0.08,4.87,6727.0
2006-10-29,cluster_4,59.09,626.9,3805.35,1364.3,-0.43,-0.08,4.76,6727.0
2006-11-05,cluster_4,59.58,628.4,3834.75,1380.9,-0.37,-0.1,4.82,6872.0
2006-11-12,cluster_4,55.92,621.5,3852.8,1401.2,-0.51,-0.14,4.73,6872.0
2006-11-19,cluster_4,59.95,628.7,3950.85,1400.95,-0.48,-0.15,4.76,6872.0
2006-11-26,cluster_4,63.54,644.7,3997.6,1396.71,-0.49,-0.18,4.73,6872.0
2006-12-03,cluster_4,62.2,626.1,3962.0,1409.84,-0.6,-0.09,4.52,6762.0
2006-12-10,cluster_4,63.31,615.0,3888.65,1427.09,-0.41,-0.12,4.68,6762.0
2006-12-17,cluster_4,62.41,619.1,3871.15,1410.76,-0.31,-0.13,4.73,6762.0
2006-12-24,cluster_4,61.07,635.2,3966.4,1418.3,-0.36,-0.08,4.71,6762.0
2006-12-31,cluster_4,56.24,604.9,3983.4,1409.71,-0.31,-0.11,4.82,6762.0
2007-01-07,cluster_4,52.92,625.5,4052.45,1430.73,-0.4,-0.11,4.76,7116.0
2007-01-14,cluster_4,51.81,635.5,4090.15,1430.5,-0.32,-0.11,4.88,7116.0
2007-01-21,cluster_4,55.48,644.5,4147.7,1422.18,-0.36,-0.15,4.93,7116.0
2007-01-28,cluster_4,59.01,646.2,4183.5,1448.39,-0.25,-0.11,4.99,7116.0
2007-02-04,cluster_4,59.88,667.5,4187.4,1438.06,-0.31,-0.11,4.94,6927.0
2007-02-11,cluster_7,59.34,668.8,4146.2,1455.54,-0.36,-0.13,4.92,6927.0
2007-02-18,cluster_7,60.91,683.1,3938.95,1451.19,-0.48,-0.14,4.83,6927.0
2007-02-25,cluster_7,61.48,641.5,3726.75,1387.17,-0.5,-0.14,4.82,6927.0
2007-03-04,cluster_7,60.11,650.0,3718.0,1402.84,-0.6,-0.04,4.56,6731.0
2007-03-11,cluster_7,57.01,652.6,3608.55,1386.95,-0.51,-0.07,4.66,6731.0
2007-03-18,cluster_7,62.2,656.7,3861.05,1436.11,-0.49,-0.03,4.58,6731.0
2007-03-25,cluster_7,65.89,663.0,3821.55,1420.86,-0.46,0.02,4.6,6731.0
2007-04-01,cluster_7,64.07,674.2,3752.0,1443.76,-0.39,0.07,4.58,6850.0
2007-04-08,cluster_7,63.61,685.4,3917.35,1452.85,-0.29,0.01,4.75,6850.0
2007-04-15,cluster_7,63.48,692.0,4083.55,1484.35,-0.26,0.0,4.76,6850.0
2007-04-22,cluster_7,66.41,678.7,4083.5,1494.07,-0.31,0.04,4.64,6850.0
2007-04-29,cluster_7,61.8,687.2,4117.35,1505.62,-0.24,0.04,4.67,6850.0
2007-05-06,cluster_7,62.39,670.6,4076.65,1505.85,-0.25,-0.03,4.68,6766.0
2007-05-13,cluster_7,64.95,661.0,4214.5,1522.75,-0.2,-0.04,4.71,6766.0
2007-05-20,cluster_7,65.22,655.1,4248.15,1515.73,-0.03,-0.01,4.82,6766.0
2007-05-27,cluster_7,65.07,671.2,4297.05,1536.34,-0.02,0.01,4.85,6766.0
2007-06-03,cluster_7,64.68,645.5,4145.0,1507.67,0.16,-0.02,4.97,6979.0
2007-06-10,cluster_7,68.1,654.5,4171.45,1532.91,0.35,0.11,5.01,6979.0
2007-06-17,cluster_7,69.15,653.5,4252.05,1502.56,0.6,0.11,5.05,6979.0
2007-06-24,cluster_4,70.45,648.1,4318.3,1503.35,0.41,0.22,4.92,6979.0
2007-07-01,cluster_4,72.77,652.7,4384.85,1530.44,0.21,0.16,4.87,7149.0
2007-07-08,cluster_9,73.84,665.8,4504.55,1552.5,0.24,0.2,4.99,7149.0
2007-07-15,cluster_2,75.53,683.9,4566.05,1534.1,0.14,0.17,4.94,7149.0
2007-07-22,cluster_2,77.0,660.0,4445.2,1458.95,-0.01,0.17,4.79,7149.0
2007-07-29,cluster_2,75.39,672.5,4401.55,1433.06,-0.05,0.24,4.56,7149.0
2007-08-05,cluster_5,71.56,670.3,4333.35,1453.64,-0.14,0.25,4.46,7067.0
2007-08-12,cluster_5,71.72,656.9,4108.05,1445.94,0.24,0.34,4.47,7067.0
2007-08-19,cluster_5,71.1,668.0,4190.15,1479.37,0.92,0.5,4.18,7067.0
2007-08-26,cluster_0,73.98,673.0,4464.0,1473.99,0.39,0.33,4.3,7067.0
2007-09-02,cluster_0,76.69,700.8,4509.5,1453.55,0.53,0.39,4.15,7170.0
2007-09-09,cluster_8,79.06,709.6,4518.0,1484.25,0.31,0.48,3.9,7170.0
2007-09-16,cluster_8,81.38,731.4,4837.55,1525.75,0.46,0.42,4.05,7170.0
2007-09-23,cluster_8,81.64,742.8,5021.35,1526.75,0.9,0.58,4.06,7170.0
2007-09-30,cluster_8,81.19,741.3,5185.85,1557.59,0.77,0.62,3.97,7170.0
2007-10-07,cluster_8,83.71,748.7,5428.25,1561.8,0.65,0.57,4.08,7237.0
2007-10-14,cluster_8,88.55,764.0,5215.3,1500.63,0.5,0.47,4.23,7237.0
2007-10-21,cluster_8,91.72,783.9,5702.3,1535.28,0.55,0.61,3.8,7237.0
2007-10-28,cluster_8,95.72,805.7,5932.4,1509.65,0.45,0.64,3.77,7237.0
2007-11-04,cluster_8,96.38,832.5,5663.25,1453.7,0.7,0.65,3.66,7240.0
2007-11-11,cluster_8,94.66,785.7,5906.85,1458.74,0.96,0.81,3.42,7240.0
2007-11-18,cluster_8,98.25,824.0,5608.6,1440.7,0.75,0.82,3.33,7240.0
2007-11-25,cluster_8,88.5,782.2,5762.75,1481.14,0.78,0.94,3.07,7240.0
2007-12-02,cluster_0,88.16,794.4,5974.3,1504.66,0.82,0.93,3.04,7645.0
2007-12-09,cluster_0,91.23,793.3,6047.7,1467.95,1.0,1.0,3.12,7645.0
2007-12-16,cluster_0,93.29,811.6,5766.5,1484.46,1.36,0.93,3.31,7645.0
2007-12-23,cluster_0,96.06,839.6,6079.7,1478.49,1.18,0.99,3.19,7645.0
2007-12-30,cluster_0,97.84,863.1,6274.3,1411.63,0.93,0.99,3.12,7645.0
2008-01-06,cluster_0,92.69,896.1,6200.1,1401.02,0.68,1.14,2.74,7685.0
2008-01-13,cluster_5,90.53,880.8,5705.3,1325.19,0.73,1.23,2.59,7685.0
2008-01-20,cluster_5,90.62,910.5,5383.35,1330.61,0.8,1.3,2.36,7685.0
2008-01-27,cluster_5,89.19,908.7,5317.25,1395.42,1.31,1.38,2.23,7685.0
2008-02-03,cluster_5,91.87,918.4,5120.35,1331.29,1.52,1.53,2.09,7497.0
2008-02-10,cluster_5,95.53,902.8,5302.9,1349.99,1.41,1.71,1.93,7497.0
2008-02-17,cluster_5,98.81,944.7,5110.75,1353.11,1.55,1.85,1.91,7497.0
2008-02-24,cluster_5,101.62,972.1,5223.5,1330.63,1.59,1.81,1.98,7497.0
2008-03-02,cluster_5,105.16,972.2,4771.6,1293.37,1.68,1.88,1.65,7822.0
2008-03-09,cluster_5,110.11,998.2,4745.8,1288.14,2.11,2.03,1.53,7822.0
2008-03-16,cluster_5,101.7,919.6,4573.95,1329.51,2.26,1.97,1.47,7822.0
2008-03-23,cluster_5,105.35,930.6,4942.0,1315.22,2.71,1.75,1.59,7822.0
2008-03-30,cluster_5,106.03,909.0,4647.0,1370.4,2.14,1.8,1.67,7822.0
2008-04-06,cluster_5,110.25,923.6,4777.8,1332.83,2.15,1.67,1.83,7637.0
2008-04-13,cluster_5,116.84,912.2,4958.4,1390.33,2.3,1.73,1.76,7637.0
2008-04-20,cluster_5,118.5,887.2,5111.7,1397.84,2.42,1.58,2.19,7637.0
2008-04-27,cluster_5,116.32,856.1,5228.2,1413.9,2.57,1.47,2.44,7637.0
2008-05-04,cluster_5,125.97,884.5,4982.6,1388.28,2.39,1.42,2.47,8395.0
2008-05-11,cluster_5,126.42,899.0,5157.7,1425.35,2.08,1.52,2.25,8395.0
2008-05-18,cluster_5,131.92,925.6,4946.55,1375.93,2.01,1.38,2.47,8395.0
2008-05-25,cluster_5,127.44,887.3,4870.1,1400.38,1.99,1.39,2.46,8395.0
2008-06-01,cluster_5,138.81,895.4,4627.8,1360.68,2.17,1.4,2.66,8575.0
2008-06-08,cluster_5,134.84,870.3,4517.1,1360.03,2.09,1.54,2.4,8575.0
2008-06-15,cluster_5,134.7,901.3,4347.55,1317.93,2.28,1.22,3.05,8575.0
2008-06-22,cluster_5,140.73,929.3,4136.65,1278.38,2.29,1.28,2.88,8575.0
2008-06-29,cluster_5,145.41,931.9,4016.0,1262.9,2.31,1.34,2.65,8575.0
2008-07-06,cluster_5,144.82,959.5,4049.0,1239.49,2.15,1.45,2.54,8937.0
2008-07-13,cluster_2,128.86,957.3,4092.25,1260.68,2.34,1.37,2.59,8937.0
2008-07-20,cluster_2,123.36,926.6,4311.85,1257.76,2.63,1.45,2.66,8937.0
2008-07-27,cluster_2,125.04,909.0,4413.55,1260.31,2.38,1.43,2.7,8937.0
2008-08-03,cluster_2,115.05,857.8,4529.5,1296.32,2.31,1.46,2.51,9438.0
2008-08-10,cluster_2,113.49,786.0,4430.7,1298.2,2.24,1.43,2.51,9438.0
2008-08-17,cluster_2,114.44,827.4,4327.45,1292.2,1.99,1.44,2.4,9438.0
2008-08-24,cluster_2,115.61,829.3,4360.0,1282.83,2.17,1.45,2.42,9438.0
2008-08-31,cluster_2,106.53,797.6,4352.3,1242.31,2.11,1.47,2.36,9438.0
2008-09-07,cluster_2,100.92,760.3,4228.45,1251.7,1.98,1.43,2.23,9494.0
2008-09-14,cluster_2,103.95,860.6,4245.25,1255.08,2.25,1.51,2.23,9494.0
2008-09-21,cluster_2,106.82,882.9,3985.25,1213.27,2.79,1.62,2.16,9494.0
2008-09-28,cluster_2,93.76,828.9,3818.3,1099.23,2.98,1.74,2.11,9494.0
2008-10-05,cluster_2,78.24,855.4,3279.95,899.22,3.12,2.03,1.6,10074.0
2008-10-12,cluster_2,72.31,785.1,3074.35,940.55,3.64,2.27,1.62,10074.0
2008-10-19,cluster_2,64.51,729.1,2584.0,876.77,3.15,2.34,1.64,10074.0
2008-10-26,cluster_2,67.86,716.8,2885.6,968.75,2.87,2.19,1.57,10074.0
2008-11-02,cluster_2,61.27,733.2,2973.0,930.99,3.55,2.45,1.56,10538.0
2008-11-09,cluster_2,57.3,742.4,2810.35,873.29,3.52,2.5,1.33,10538.0
2008-11-16,cluster_2,49.72,791.7,2693.45,800.03,3.57,2.5,1.22,10538.0
2008-11-23,cluster_2,55.12,816.2,2755.1,896.24,3.18,2.11,1.09,10538.0
2008-11-30,cluster_2,41.5,750.5,2714.4,876.07,2.92,1.93,1.0,10538.0
2008-12-07,cluster_2,46.37,818.9,2921.35,879.73,2.65,1.74,0.93,11286.0
2008-12-14,cluster_2,35.89,836.4,3077.5,887.88,2.58,1.82,0.78,11286.0
2008-12-21,cluster_2,37.59,870.4,2857.25,872.8,2.11,1.39,0.74,11286.0
2008-12-28,cluster_2,46.16,878.8,3046.75,931.8,2.13,1.27,0.89,11286.0
2009-01-04,cluster_2,40.92,854.3,2873.0,890.35,2.38,1.58,0.88,12058.0
2009-01-11,cluster_2,36.03,839.3,2828.45,850.12,2.36,1.68,0.75,12058.0
2009-01-18,cluster_2,46.02,895.3,2678.55,831.95,2.24,1.63,0.73,12058.0
2009-01-25,cluster_2,41.66,927.3,2874.8,825.88,2.54,1.82,0.83,12058.0
2009-02-01,cluster_2,40.3,913.9,2843.1,868.6,2.63,1.93,0.94,12898.0
2009-02-08,cluster_2,37.9,941.5,2948.35,826.84,2.77,2.06,0.99,12898.0
2009-02-15,cluster_2,37.12,1001.8,2736.45,770.05,2.6,1.92,0.97,12898.0
2009-02-22,cluster_2,44.61,941.5,2763.65,735.09,2.51,1.82,0.96,12898.0
2009-03-01,cluster_2,45.53,942.1,2620.15,683.38,2.76,2.02,1.0,13426.0
2009-03-08,cluster_2,46.08,929.8,2719.25,756.55,2.62,1.92,0.91,13426.0
2009-03-15,cluster_2,51.05,955.8,2807.05,768.54,2.69,1.91,0.98,13426.0
2009-03-22,cluster_2,52.36,923.0,3108.65,815.94,2.43,1.76,0.89,13426.0
2009-03-29,cluster_2,52.31,895.6,3211.05,842.5,2.64,1.88,0.9,13426.0
2009-04-05,cluster_2,52.17,882.2,3342.05,856.56,2.7,1.95,0.96,13853.0
2009-04-12,cluster_2,50.22,867.4,3384.4,869.6,2.78,2.0,0.96,13853.0
2009-04-19,cluster_2,51.59,913.6,3480.75,866.23,2.84,1.99,0.99,13853.0
2009-04-26,cluster_2,52.88,887.6,3473.95,877.52,2.93,2.04,0.99,13853.0
2009-05-03,cluster_2,58.58,914.4,3620.7,929.23,3.05,2.29,0.92,14499.0
2009-05-10,cluster_2,56.52,930.9,3671.65,882.88,3.1,2.29,1.0,14499.0
2009-05-17,cluster_2,61.58,958.5,4238.5,887.0,2.97,2.26,0.88,14499.0
2009-05-24,cluster_2,66.32,978.8,4448.95,919.14,3.27,2.53,0.92,14499.0
2009-05-31,cluster_2,68.45,961.7,4586.9,940.09,3.33,2.55,0.92,14499.0
2009-06-07,cluster_2,72.09,940.1,4583.4,946.21,3.64,2.52,1.32,14707.0
2009-06-14,cluster_2,69.62,935.6,4313.6,921.23,3.62,2.51,1.3,14707.0
2009-06-21,cluster_2,69.25,940.7,4375.5,918.9,3.6,2.54,1.25,14707.0
2009-06-28,cluster_2,66.43,930.7,4424.25,896.42,3.32,2.42,1.1,14707.0
2009-07-05,cluster_2,59.8,912.2,4003.9,879.13,3.34,2.53,0.98,14601.0
2009-07-12,cluster_2,63.52,937.2,4374.95,940.38,3.14,2.41,0.91,14601.0
2009-07-19,cluster_2,68.0,952.8,4568.55,979.26,3.5,2.65,1.02,14601.0
2009-07-26,cluster_2,68.8,953.7,4636.45,987.48,3.52,2.65,1.05,14601.0
2009-08-02,cluster_2,70.59,957.3,4481.4,1010.48,3.34,2.39,1.13,14814.0
2009-08-09,cluster_2,67.43,947.0,4580.05,1004.09,3.7,2.57,1.32,14814.0
2009-08-16,cluster_2,73.85,953.2,4528.8,1026.13,3.37,2.48,1.07,14814.0
2009-08-23,cluster_2,72.82,957.0,4732.35,1028.93,3.39,2.43,1.13,14814.0
2009-08-30,cluster_2,67.98,994.9,4680.4,1016.4,3.31,2.45,1.01,14814.0
2009-09-06,cluster_2,69.34,1004.9,4829.55,1042.73,3.31,2.51,0.94,15009.0
2009-09-13,cluster_2,72.0,1009.2,4976.05,1068.3,3.2,2.44,0.9,15009.0
2009-09-20,cluster_2,66.01,990.2,4958.95,1044.38,3.41,2.46,1.03,15009.0
2009-09-27,cluster_2,69.7,1003.2,5083.4,1025.21,3.24,2.36,0.98,15009.0
2009-10-04,cluster_9,72.01,1047.8,4945.2,1071.49,3.14,2.36,0.88,15352.0
2009-10-11,cluster_9,78.57,1050.7,5142.15,1087.68,3.33,2.42,0.98,15352.0
2009-10-18,cluster_9,80.19,1055.6,4997.05,1079.6,3.36,2.46,0.97,15352.0
2009-10-25,cluster_9,77.05,1039.7,4711.7,1036.19,3.44,2.47,1.04,15352.0
2009-11-01,cluster_9,77.46,1095.1,4796.15,1069.3,3.36,2.51,0.9,15219.0
2009-11-08,cluster_9,76.52,1116.1,4998.95,1093.48,3.48,2.68,0.86,15219.0
2009-11-15,cluster_9,76.69,1146.4,5052.45,1091.38,3.37,2.61,0.82,15219.0
2009-11-22,cluster_9,75.97,1174.2,4941.75,1091.49,3.34,2.61,0.75,15219.0
2009-11-29,cluster_9,75.72,1168.8,5108.9,1105.98,3.18,2.53,0.68,15219.0
2009-12-06,cluster_9,69.59,1119.4,5117.3,1106.41,3.42,2.64,0.84,15098.0
2009-12-13,cluster_9,73.08,1110.8,4987.7,1102.47,3.52,2.72,0.83,15098.0
2009-12-20,cluster_9,77.74,1104.1,5178.4,1126.48,3.5,2.73,0.82,15098.0
2009-12-27,cluster_9,79.61,1095.2,5201.05,1115.1,3.77,2.82,1.0,15098.0
2010-01-03,cluster_9,82.91,1138.2,5244.75,1144.98,3.79,2.71,1.14,15046.0
2010-01-10,cluster_9,77.95,1130.1,5252.2,1136.03,3.78,2.87,0.96,15046.0
2010-01-17,cluster_9,74.07,1089.2,5036.0,1091.76,3.64,2.81,0.89,15046.0
2010-01-24,cluster_9,72.67,1083.0,4882.05,1073.87,3.56,2.78,0.84,15046.0
2010-01-31,cluster_9,71.91,1052.2,4718.65,1066.19,3.55,2.81,0.82,15046.0
2010-02-07,cluster_9,74.2,1089.5,4826.85,1075.51,3.49,2.82,0.77,15113.0
2010-02-14,cluster_9,80.09,1121.3,4844.9,1109.17,3.59,2.85,0.84,15113.0
2010-02-21,cluster_9,79.63,1118.3,4922.3,1104.49,3.67,2.83,0.95,15113.0
2010-02-28,cluster_9,81.79,1134.8,5088.7,1138.7,3.48,2.8,0.81,15113.0
2010-03-07,cluster_9,81.1,1101.5,5137.0,1149.99,3.54,2.78,0.91,15202.0
2010-03-14,cluster_9,80.68,1107.4,5262.8,1159.9,3.56,2.74,0.97,15202.0
2010-03-21,cluster_9,80.14,1104.2,5282.0,1166.59,3.54,2.68,1.02,15202.0
2010-03-28,cluster_9,85.27,1125.1,5290.5,1178.1,3.72,2.82,1.04,15202.0
2010-04-04,cluster_9,84.87,1161.1,5361.75,1194.37,3.8,2.85,1.11,15325.0
2010-04-11,cluster_9,82.95,1136.3,5262.6,1192.13,3.74,2.82,1.08,15325.0
2010-04-18,cluster_9,85.06,1153.1,5304.1,1217.28,3.63,2.81,0.98,15325.0
2010-04-25,cluster_9,86.19,1180.1,5278.0,1186.69,3.68,2.74,1.1,15325.0
2010-05-02,cluster_9,75.44,1210.0,5018.05,1110.88,3.53,2.72,0.97,14849.0
2010-05-09,cluster_9,72.03,1227.4,5093.5,1135.68,3.32,2.62,0.83,14849.0
2010-05-16,cluster_9,70.42,1175.7,4931.15,1087.69,3.28,2.65,0.79,14849.0
2010-05-23,cluster_9,74.19,1212.2,5066.55,1089.41,3.03,2.44,0.76,14849.0
2010-05-30,cluster_9,70.92,1216.2,5135.5,1064.88,3.15,2.55,0.76,14849.0
2010-06-06,cluster_9,74.23,1228.9,5119.35,1091.6,3.06,2.48,0.72,14474.0
2010-06-13,cluster_9,77.34,1257.2,5262.6,1117.51,3.16,2.49,0.75,14474.0
2010-06-20,cluster_9,79.16,1255.8,5269.05,1076.76,3.13,2.5,0.74,14474.0
2010-06-27,cluster_9,72.29,1207.4,5237.1,1022.58,2.99,2.47,0.65,14474.0
2010-07-04,cluster_9,76.45,1209.6,5352.45,1077.96,2.83,2.37,0.63,14512.0
2010-07-11,cluster_9,75.78,1188.0,5393.9,1064.88,2.91,2.44,0.63,14512.0
2010-07-18,cluster_9,78.87,1187.7,5449.1,1102.66,2.81,2.35,0.61,14512.0
2010-07-25,cluster_9,78.97,1181.7,5367.6,1101.6,2.86,2.42,0.6,14512.0
2010-08-01,cluster_9,80.88,1203.4,5439.25,1121.64,2.79,2.39,0.55,14648.0
2010-08-08,cluster_9,75.56,1214.9,5452.1,1079.25,2.71,2.36,0.5,14648.0
2010-08-15,cluster_9,73.44,1227.2,5530.65,1071.69,2.53,2.14,0.54,14648.0
2010-08-22,cluster_9,75.56,1236.0,5408.7,1064.59,2.47,2.13,0.49,14648.0
2010-08-29,cluster_9,74.33,1249.2,5479.4,1104.51,2.51,2.1,0.56,14648.0
2010-09-05,cluster_9,76.38,1244.5,5640.05,1109.55,2.58,2.2,0.52,14579.0
2010-09-12,cluster_9,73.5,1275.6,5884.95,1125.59,2.67,2.23,0.58,14579.0
2010-09-19,cluster_9,76.47,1296.0,6018.3,1148.67,2.59,2.27,0.48,14579.0
2010-09-26,cluster_9,81.73,1316.1,6143.4,1146.24,2.47,2.17,0.45,14579.0
2010-10-03,cluster_9,82.84,1344.2,6103.45,1165.15,2.38,2.12,0.42,14516.0
2010-10-10,cluster_9,81.45,1371.1,6062.65,1176.19,2.29,2.06,0.35,14516.0
2010-10-17,cluster_9,81.9,1324.4,6066.05,1183.08,2.45,2.22,0.37,14516.0
2010-10-24,cluster_9,81.43,1357.1,6017.7,1183.26,2.46,2.24,0.35,14516.0
2010-10-31,cluster_9,87.42,1397.3,6312.45,1225.85,2.51,2.29,0.34,14516.0
2010-11-07,cluster_9,84.75,1365.4,6071.65,1199.21,2.45,2.2,0.38,15081.0
2010-11-14,cluster_9,81.62,1352.2,5890.3,1199.73,2.63,2.25,0.51,15081.0
2010-11-21,cluster_9,83.89,1362.3,5751.95,1189.4,2.74,2.36,0.52,15081.0
2010-11-28,cluster_9,89.44,1405.4,5992.8,1224.71,2.71,2.36,0.51,15081.0
2010-12-05,cluster_9,87.81,1384.3,5857.35,1240.4,2.89,2.54,0.49,14348.0
2010-12-12,cluster_9,88.22,1378.6,5948.75,1243.91,3.19,2.68,0.64,14348.0
2010-12-19,cluster_9,91.47,1380.0,6011.6,1256.77,3.22,2.72,0.61,14348.0
2010-12-26,cluster_9,91.4,1421.1,6134.5,1257.64,3.27,2.74,0.67,14348.0
2011-01-02,cluster_9,88.48,1368.5,5904.6,1271.5,3.18,2.69,0.61,14013.0
2011-01-09,cluster_9,91.66,1360.4,5654.55,1293.24,3.2,2.74,0.6,14013.0
2011-01-16,cluster_9,89.13,1341.0,5696.5,1283.35,3.2,2.76,0.59,14013.0
2011-01-23,cluster_9,89.49,1340.7,5512.15,1276.34,3.28,2.81,0.63,14013.0
2011-01-30,cluster_9,89.13,1348.3,5395.75,1310.87,3.21,2.82,0.54,14013.0
2011-02-06,cluster_9,85.31,1359.9,5310.0,1329.15,3.53,2.91,0.77,13820.0
2011-02-13,cluster_9,86.15,1388.2,5458.95,1343.01,3.52,2.79,0.85,13820.0
2011-02-20,cluster_9,98.22,1408.7,5303.55,1319.88,3.49,2.81,0.78,13820.0
2011-02-27,cluster_9,104.91,1428.2,5538.75,1321.15,3.29,2.7,0.72,13820.0
2011-03-06,cluster_9,100.59,1421.5,5445.45,1304.28,3.37,2.81,0.68,13737.0
2011-03-13,cluster_9,101.61,1415.9,5373.7,1279.2,3.32,2.76,0.64,13737.0
2011-03-20,cluster_9,105.55,1426.1,5654.25,1313.8,3.21,2.67,0.61,13737.0
2011-03-27,cluster_9,108.31,1428.1,5826.05,1332.41,3.37,2.67,0.79,13737.0
2011-04-03,cluster_9,113.06,1473.4,5842.0,1328.17,3.39,2.66,0.8,13957.0
2011-04-10,cluster_9,109.39,1485.3,5824.55,1319.68,3.55,2.76,0.83,13957.0
2011-04-17,cluster_9,112.35,1503.2,5884.7,1337.38,3.36,2.72,0.71,13957.0
2011-04-24,cluster_9,113.73,1556.0,5749.5,1363.61,3.36,2.74,0.68,13957.0
2011-05-01,cluster_9,98.05,1491.2,5551.45,1340.2,3.28,2.71,0.61,13855.0
2011-05-08,cluster_9,99.35,1493.4,5544.75,1337.78,3.17,2.62,0.57,13855.0
2011-05-15,cluster_9,98.76,1508.8,5486.35,1333.27,3.15,2.61,0.57,13855.0
2011-05-22,cluster_9,100.75,1536.3,5476.1,1331.1,3.1,2.6,0.55,13855.0
2011-05-29,cluster_9,100.57,1541.7,5516.75,1300.16,3.02,2.59,0.48,13855.0
2011-06-05,cluster_9,98.94,1528.6,5485.8,1270.98,2.95,2.57,0.42,13962.0
2011-06-12,cluster_9,92.92,1538.6,5366.4,1271.5,2.94,2.58,0.41,13962.0
2011-06-19,cluster_9,91.22,1500.5,5471.25,1268.45,2.9,2.56,0.38,13962.0
2011-06-26,cluster_9,94.73,1482.3,5627.2,1339.67,2.86,2.53,0.35,13962.0
2011-07-03,cluster_9,96.47,1541.2,5660.65,1343.8,3.2,2.72,0.5,13763.0
2011-07-10,cluster_9,97.48,1589.8,5581.1,1316.14,3.0,2.63,0.4,13763.0
2011-07-17,cluster_9,99.81,1601.3,5633.95,1345.02,2.92,2.57,0.37,13763.0
2011-07-24,cluster_9,95.87,1628.3,5482.0,1292.28,2.94,2.59,0.4,13763.0
2011-07-31,cluster_9,87.22,1648.8,5211.25,1199.38,2.72,2.46,0.36,13763.0
2011-08-07,cluster_9,85.32,1740.2,5072.95,1178.81,2.57,2.3,0.28,13818.0
2011-08-14,cluster_9,82.75,1848.9,4845.65,1123.53,2.22,2.04,0.2,13818.0
2011-08-21,cluster_9,85.56,1794.1,4747.8,1176.8,2.05,1.87,0.2,13818.0
2011-08-28,cluster_9,86.65,1873.7,5040.0,1173.97,2.18,1.99,0.2,13818.0
2011-09-04,cluster_9,87.0,1856.4,5059.45,1154.23,2.0,1.82,0.2,13948.0
2011-09-11,cluster_9,87.88,1812.1,5084.25,1216.01,1.92,1.76,0.17,13948.0
2011-09-18,cluster_9,79.94,1637.5,4867.75,1136.43,2.07,1.9,0.18,13948.0
2011-09-25,cluster_9,78.75,1620.4,4943.25,1131.42,1.83,1.61,0.23,13948.0
2011-10-02,cluster_9,82.86,1634.5,4888.05,1155.46,1.9,1.67,0.25,13594.0
2011-10-09,cluster_9,87.27,1681.8,5132.3,1224.58,2.09,1.8,0.3,13594.0
2011-10-16,cluster_9,87.54,1635.1,5049.95,1238.25,2.24,1.98,0.28,13594.0
2011-10-23,cluster_9,93.48,1746.2,5360.7,1285.09,2.21,1.93,0.3,13594.0
2011-10-30,cluster_9,94.45,1755.3,5284.2,1253.23,2.33,2.06,0.28,13594.0
2011-11-06,cluster_9,99.22,1787.5,5168.85,1263.85,2.05,1.84,0.22,13302.0
2011-11-13,cluster_9,98.0,1724.7,4905.8,1215.65,2.03,1.8,0.24,13302.0
2011-11-20,cluster_9,97.38,1685.5,4710.05,1158.67,2.0,1.72,0.29,13302.0
2011-11-27,cluster_9,101.11,1747.0,5050.15,1244.28,1.95,1.69,0.28,13302.0
2011-12-04,cluster_9,99.81,1712.8,4866.7,1255.19,2.03,1.8,0.25,13093.0
2011-12-11,cluster_9,93.79,1595.6,4651.6,1219.66,2.06,1.85,0.22,13093.0
2011-12-18,cluster_9,99.85,1604.7,4714.0,1265.33,1.86,1.62,0.24,13093.0
2011-12-25,cluster_9,99.06,1565.8,4624.3,1257.6,2.02,1.75,0.28,13093.0
2012-01-01,cluster_9,101.92,1616.1,4754.1,1277.81,1.87,1.64,0.25,12797.0
2012-01-08,cluster_9,99.05,1630.4,4866.0,1289.09,1.96,1.73,0.25,12797.0
2012-01-15,cluster_9,98.14,1663.7,5048.6,1315.38,1.86,1.65,0.24,12797.0
2012-01-22,cluster_9,99.78,1731.8,5204.7,1316.33,2.0,1.79,0.26,12797.0
2012-01-29,cluster_9,97.77,1737.9,5325.85,1344.9,1.87,1.71,0.22,12797.0
2012-02-05,cluster_9,99.05,1723.3,5381.6,1342.64,1.89,1.74,0.23,12813.0
2012-02-12,cluster_9,104.03,1724.5,5564.3,1361.23,1.87,1.69,0.27,12813.0
2012-02-19,cluster_9,109.62,1775.1,5429.3,1365.74,1.92,1.72,0.29,12813.0
2012-02-26,cluster_9,106.51,1708.8,5359.35,1369.63,1.88,1.67,0.31,12813.0
2012-03-04,cluster_9,107.43,1710.9,5333.55,1370.87,1.92,1.71,0.28,12713.0
2012-03-11,cluster_9,107.17,1655.5,5317.9,1404.17,1.95,1.71,0.33,12713.0
2012-03-18,cluster_9,106.75,1662.3,5278.2,1397.11,2.22,1.94,0.37,12713.0
2012-03-25,cluster_9,102.93,1669.3,5295.55,1408.47,2.17,1.88,0.37,12713.0
2012-04-01,cluster_9,103.2,1628.5,5322.9,1398.08,2.16,1.9,0.33,12646.0
2012-04-08,cluster_9,102.84,1659.1,5207.45,1370.26,2.0,1.75,0.32,12646.0
2012-04-15,cluster_9,102.94,1642.1,5290.85,1378.53,1.93,1.75,0.27,12646.0
2012-04-22,cluster_9,104.78,1664.0,5190.6,1403.36,1.91,1.7,0.29,12646.0
2012-04-29,cluster_9,98.59,1644.7,5086.85,1369.1,1.87,1.7,0.26,12646.0
2012-05-06,cluster_9,95.57,1583.6,4928.9,1353.39,1.84,1.64,0.27,12660.0
2012-05-13,cluster_9,91.34,1591.6,4891.45,1295.22,1.74,1.57,0.27,12660.0
2012-05-20,cluster_9,90.72,1568.8,4920.4,1317.82,1.63,1.39,0.32,12660.0
2012-05-27,cluster_9,83.28,1620.5,4841.6,1278.04,1.66,1.45,0.3,12660.0
2012-06-03,cluster_9,84.32,1590.1,5068.35,1325.66,1.4,1.22,0.25,12692.0
2012-06-10,cluster_9,84.19,1627.0,5139.05,1342.84,1.56,1.37,0.28,12692.0
2012-06-17,cluster_9,80.12,1566.0,5146.05,1335.02,1.51,1.31,0.29,12692.0
2012-06-24,cluster_9,84.88,1603.5,5278.9,1362.16,1.6,1.38,0.31,12692.0
2012-07-01,cluster_9,84.12,1578.4,5316.95,1354.68,1.58,1.34,0.33,12656.0
2012-07-08,cluster_9,86.98,1591.6,5227.25,1356.78,1.49,1.3,0.27,12656.0
2012-07-15,cluster_9,88.9,1582.5,5205.1,1362.66,1.42,1.27,0.25,12656.0
2012-07-22,cluster_9,90.18,1617.9,5099.85,1385.97,1.4,1.27,0.22,12656.0
2012-07-29,cluster_9,91.34,1606.0,5215.7,1390.99,1.47,1.33,0.25,12656.0
2012-08-05,cluster_9,93.41,1619.7,5320.4,1405.87,1.51,1.36,0.24,12471.0
2012-08-12,cluster_9,96.03,1616.3,5366.3,1418.16,1.55,1.38,0.27,12471.0
2012-08-19,cluster_9,96.06,1669.8,5386.7,1411.13,1.72,1.52,0.29,12471.0
2012-08-26,cluster_9,96.54,1684.6,5258.5,1406.58,1.58,1.4,0.28,12471.0
2012-09-02,cluster_9,96.28,1737.5,5342.1,1437.92,1.48,1.35,0.22,12115.0
2012-09-09,cluster_9,99.05,1769.8,5577.65,1465.77,1.56,1.42,0.25,12115.0
2012-09-16,cluster_9,92.98,1775.5,5691.15,1460.15,1.77,1.61,0.27,12115.0
2012-09-23,cluster_9,92.09,1771.1,5703.3,1440.67,1.66,1.5,0.27,12115.0
2012-09-30,cluster_9,89.89,1778.6,5746.95,1460.93,1.55,1.42,0.23,12115.0
2012-10-07,cluster_9,91.64,1758.0,5676.05,1428.59,1.64,1.48,0.27,12124.0
2012-10-14,cluster_9,89.9,1722.8,5684.25,1433.19,1.58,1.42,0.27,12124.0
2012-10-21,cluster_9,86.12,1710.9,5664.3,1411.94,1.69,1.49,0.3,12124.0
2012-10-28,cluster_9,84.76,1674.1,5697.7,1414.2,1.66,1.48,0.3,12124.0
2012-11-04,cluster_9,86.14,1730.3,5686.25,1379.85,1.66,1.47,0.28,12005.0
2012-11-11,cluster_9,86.6,1714.3,5574.05,1359.88,1.52,1.34,0.27,12005.0
2012-11-18,cluster_9,88.27,1751.3,5626.6,1409.15,1.52,1.34,0.24,12005.0
2012-11-25,cluster_9,88.83,1710.9,5879.85,1416.18,1.6,1.41,0.29,12005.0
2012-12-02,cluster_9,85.92,1704.0,5907.4,1418.07,1.54,1.37,0.25,12298.0
2012-12-09,cluster_9,86.82,1695.8,5879.6,1413.58,1.55,1.39,0.25,12298.0
2012-12-16,cluster_9,88.91,1659.1,5847.7,1430.15,1.68,1.48,0.24,12298.0
2012-12-23,cluster_9,90.76,1654.9,5908.35,1402.43,1.71,1.51,0.26,12298.0
2012-12-30,cluster_9,93.17,1648.1,6016.15,1466.47,1.72,1.46,0.27,12298.0
2013-01-06,cluster_9,93.76,1660.0,5951.3,1472.05,1.86,1.66,0.27,12471.0
2013-01-13,cluster_9,95.31,1686.6,6064.4,1485.98,1.82,1.63,0.26,12471.0
2013-01-20,cluster_9,96.09,1656.4,6074.65,1502.96,1.79,1.61,0.26,12471.0
2013-01-27,cluster_9,97.62,1669.4,5998.9,1513.17,1.9,1.7,0.28,12471.0
2013-02-03,cluster_9,95.75,1666.0,5903.5,1517.93,1.98,1.77,0.27,11950.0
2013-02-10,cluster_9,96.12,1608.8,5887.4,1519.79,1.92,1.74,0.25,11950.0
2013-02-17,cluster_9,93.35,1572.4,5850.3,1515.6,1.91,1.72,0.29,11950.0
2013-02-24,cluster_9,90.97,1571.9,5719.7,1518.2,1.84,1.7,0.27,11950.0
2013-03-03,cluster_9,91.88,1576.6,5945.7,1551.18,1.75,1.61,0.25,11689.0
2013-03-10,cluster_9,93.5,1592.5,5872.6,1560.7,1.96,1.79,0.27,11689.0
2013-03-17,cluster_9,93.87,1606.2,5651.35,1556.89,1.92,1.76,0.25,11689.0
2013-03-24,cluster_9,97.19,1594.8,5682.55,1569.19,1.86,1.67,0.26,11689.0
2013-03-31,cluster_9,93.01,1575.4,5553.25,1553.28,1.8,1.62,0.25,11689.0
2013-04-07,cluster_9,90.66,1501.0,5528.55,1588.85,1.65,1.48,0.24,11760.0
2013-04-14,cluster_9,87.98,1395.3,5783.1,1555.25,1.69,1.53,0.22,11760.0
2013-04-21,cluster_9,92.8,1453.6,5871.45,1582.24,1.68,1.49,0.24,11760.0
2013-04-28,cluster_9,95.58,1464.3,5944.0,1614.42,1.65,1.48,0.22,11760.0
2013-05-05,cluster_9,95.9,1436.8,6094.75,1633.7,1.73,1.56,0.22,11654.0
2013-05-12,cluster_9,96.02,1364.9,6187.3,1667.47,1.86,1.64,0.26,11654.0
2013-05-19,cluster_9,93.85,1386.8,5983.55,1649.6,1.91,1.69,0.26,11654.0
2013-05-26,cluster_9,91.67,1392.6,5985.95,1630.74,1.97,1.75,0.26,11654.0
2013-06-02,cluster_9,96.27,1383.0,5881.0,1643.38,2.12,1.86,0.3,11751.0
2013-06-09,cluster_9,97.81,1387.3,5808.4,1626.73,2.13,1.85,0.32,11751.0
2013-06-16,cluster_9,93.87,1291.6,5667.65,1592.43,2.09,1.85,0.29,11751.0
2013-06-23,cluster_9,96.49,1374.9,5842.2,1606.28,2.47,2.14,0.38,11751.0
2013-06-30,cluster_9,103.56,1374.2,5867.9,1631.89,2.48,2.16,0.36,11751.0
2013-07-07,cluster_9,106.22,1433.6,6009.0,1680.19,2.69,2.33,0.4,11335.0
2013-07-14,cluster_9,108.22,1440.3,6029.2,1692.09,2.57,2.24,0.37,11335.0
2013-07-21,cluster_9,104.56,1471.7,5886.2,1691.65,2.47,2.18,0.32,11335.0
2013-07-28,cluster_9,106.81,1463.0,5677.9,1709.67,2.55,2.27,0.31,11335.0
2013-08-04,cluster_9,106.09,1465.4,5565.65,1691.42,2.59,2.33,0.3,11279.0
2013-08-11,cluster_9,107.64,1539.5,5507.85,1655.83,2.52,2.25,0.32,11279.0
2013-08-18,cluster_9,106.36,1575.6,5471.75,1663.5,2.79,2.48,0.36,11279.0
2013-08-25,cluster_9,107.77,1573.0,5471.8,1632.97,2.79,2.42,0.4,11279.0
2013-09-01,cluster_9,110.3,1571.4,5680.4,1655.17,2.75,2.39,0.39,11270.0
2013-09-08,cluster_9,108.58,1485.7,5850.6,1687.99,2.92,2.48,0.46,11270.0
2013-09-15,cluster_9,106.16,1497.7,6012.1,1709.91,2.89,2.45,0.45,11270.0
2013-09-22,cluster_9,102.83,1497.3,5833.2,1691.75,2.74,2.41,0.34,11270.0
2013-09-29,cluster_9,103.66,1466.1,5907.3,1690.5,2.62,2.3,0.34,11270.0
2013-10-06,cluster_9,101.81,1419.9,6096.2,1703.2,2.63,2.33,0.33,11136.0
2013-10-13,cluster_9,100.75,1464.8,6189.35,1744.5,2.62,2.35,0.35,11136.0
2013-10-20,cluster_9,97.97,1486.2,6144.9,1759.77,2.56,2.27,0.33,11136.0
2013-10-27,cluster_9,94.61,1444.7,6307.2,1761.64,2.49,2.21,0.32,11136.0
2013-11-03,cluster_9,94.34,1419.2,6140.75,1770.61,2.61,2.32,0.33,10787.0
2013-11-10,cluster_9,93.66,1416.9,6056.15,1798.18,2.71,2.45,0.32,10787.0
2013-11-17,cluster_9,94.79,1370.3,5995.45,1804.76,2.63,2.4,0.31,10787.0
2013-11-24,cluster_9,92.79,1377.2,6176.1,1805.81,2.68,2.44,0.31,10787.0
2013-12-01,cluster_9,97.75,1358.2,6259.9,1805.09,2.69,2.47,0.28,10404.0
2013-12-08,cluster_9,96.46,1365.7,6168.4,1775.32,2.82,2.58,0.3,10404.0
2013-12-15,cluster_9,99.15,1336.3,6274.25,1818.32,2.81,2.54,0.34,10404.0
2013-12-22,cluster_9,100.16,1350.4,6313.8,1841.4,2.82,2.52,0.37,10404.0
2013-12-29,cluster_9,94.17,1376.5,6211.15,1831.37,2.95,2.62,0.4,10404.0
2014-01-05,cluster_9,92.85,1384.4,6171.45,1842.37,2.94,2.6,0.41,10202.0
2014-01-12,cluster_9,94.1,1388.1,6261.65,1838.7,2.83,2.49,0.39,10202.0
2014-01-19,cluster_9,96.91,1397.3,6266.75,1790.29,2.79,2.44,0.4,10202.0
2014-01-26,cluster_9,97.47,1370.2,6089.5,1782.59,2.71,2.38,0.37,10202.0
2014-02-02,cluster_9,100.17,1387.0,6063.2,1797.02,2.65,2.33,0.34,10349.0
2014-02-09,cluster_9,100.38,1443.3,6048.35,1838.63,2.63,2.41,0.3,10349.0
2014-02-16,cluster_9,102.31,1447.8,6155.45,1836.25,2.73,2.43,0.32,10349.0
2014-02-23,cluster_9,102.71,1446.4,6276.95,1859.45,2.68,2.4,0.33,10349.0
2014-03-02,cluster_9,102.69,1468.0,6526.65,1878.04,2.61,2.33,0.33,10380.0
2014-03-09,cluster_9,99.01,1505.8,6504.2,1841.13,2.74,2.42,0.38,10380.0
2014-03-16,cluster_9,99.62,1466.9,6493.2,1866.52,2.6,2.29,0.36,10380.0
2014-03-23,cluster_9,101.61,1419.2,6695.9,1857.62,2.69,2.3,0.45,10380.0
2014-03-30,cluster_9,101.1,1426.6,6694.35,1865.09,2.69,2.28,0.45,10380.0
2014-04-06,cluster_9,103.35,1433.6,6776.3,1815.69,2.71,2.31,0.43,9702.0
2014-04-13,cluster_9,104.59,1411.4,6779.4,1864.85,2.59,2.26,0.37,9702.0
2014-04-20,cluster_9,100.69,1412.8,6782.75,1863.4,2.7,2.3,0.43,9702.0
2014-04-27,cluster_9,99.93,1411.4,6694.8,1881.14,2.65,2.25,0.43,9702.0
2014-05-04,cluster_9,100.04,1395.7,6858.8,1878.48,2.58,2.18,0.42,9859.0
2014-05-11,cluster_9,102.16,1396.2,7203.0,1877.86,2.59,2.22,0.4,9859.0
2014-05-18,cluster_9,104.39,1393.0,7367.1,1900.53,2.49,2.14,0.38,9859.0
2014-05-25,cluster_9,102.89,1342.8,7229.95,1923.57,2.5,2.17,0.37,9859.0
2014-06-01,cluster_9,102.77,1351.5,7583.4,1949.44,2.44,2.11,0.37,9460.0
2014-06-08,cluster_9,106.67,1375.5,7542.1,1936.16,2.56,2.19,0.41,9460.0
2014-06-15,cluster_9,106.6,1419.1,7511.45,1962.87,2.56,2.15,0.45,9460.0
2014-06-22,cluster_9,105.75,1418.6,7508.8,1960.96,2.61,2.13,0.5,9460.0
2014-06-29,cluster_9,104.02,1419.5,7751.6,1985.44,2.51,2.09,0.45,9460.0
2014-07-06,cluster_9,100.53,1436.8,7459.6,1967.57,2.64,2.13,0.52,9608.0
2014-07-13,cluster_9,102.94,1408.6,7663.9,1978.22,2.51,2.05,0.48,9608.0
2014-07-20,cluster_9,101.91,1404.2,7790.45,1978.34,2.48,1.99,0.51,9608.0
2014-07-27,cluster_9,97.59,1395.0,7602.6,1925.15,2.45,1.95,0.53,9608.0
2014-08-03,cluster_9,97.41,1409.8,7568.55,1931.59,2.49,2.05,0.47,9599.0
2014-08-10,cluster_9,97.19,1403.3,7791.7,1955.06,2.41,1.99,0.45,9599.0
2014-08-17,cluster_9,93.45,1378.0,7913.2,1988.4,2.31,1.92,0.42,9599.0
2014-08-24,cluster_9,95.86,1384.5,7954.35,2003.37,2.37,1.87,0.53,9599.0
2014-08-31,cluster_9,93.42,1367.1,8086.85,2007.71,2.32,1.87,0.48,9599.0
2014-09-07,cluster_9,92.16,1331.7,8105.5,1985.54,2.43,1.94,0.52,9262.0
2014-09-14,cluster_9,92.42,1317.0,8121.45,2010.4,2.6,2.04,0.58,9262.0
2014-09-21,cluster_9,93.41,1314.3,7968.85,1982.85,2.57,2.0,0.59,9262.0
2014-09-28,cluster_9,89.72,1290.8,7945.55,1967.9,2.53,1.95,0.59,9262.0
2014-10-05,cluster_9,85.52,1305.2,7859.95,1906.13,2.44,1.88,0.57,8990.0
2014-10-12,cluster_9,83.0,1311.1,7779.7,1886.76,2.3,1.86,0.45,8990.0
2014-10-19,cluster_9,81.31,1307.6,8014.55,1964.58,2.2,1.83,0.39,8990.0
2014-10-26,cluster_9,80.65,1248.5,8322.2,2018.05,2.28,1.88,0.41,8990.0
2014-11-02,cluster_9,78.44,1244.1,8337.0,2031.92,2.34,1.85,0.5,9090.0
2014-11-09,cluster_9,75.96,1258.9,8389.9,2039.82,2.29,1.81,0.51,9090.0
2014-11-16,cluster_9,76.65,1269.5,8477.35,2063.5,2.3,1.78,0.54,9090.0
2014-11-23,cluster_9,66.05,1244.8,8588.25,2067.56,2.3,1.78,0.53,9090.0
2014-11-30,cluster_9,65.68,1264.4,8538.3,2075.37,2.16,1.71,0.47,9090.0
2014-12-07,cluster_9,57.51,1289.6,8224.1,2002.33,2.29,1.66,0.65,8717.0
2014-12-14,cluster_9,55.55,1261.8,8225.2,2070.65,2.08,1.54,0.56,8717.0
2014-12-21,cluster_9,55.13,1263.9,8200.7,2088.77,2.13,1.5,0.67,8717.0
2014-12-28,cluster_9,52.69,1253.6,8395.45,2058.2,2.24,1.52,0.73,8717.0
2015-01-04,cluster_9,48.2,1274.4,8284.5,2044.81,2.1,1.46,0.66,8903.0
2015-01-11,cluster_9,48.47,1324.0,8513.8,2019.42,1.96,1.39,0.59,8903.0
2015-01-18,cluster_9,45.33,1345.0,8835.6,2051.82,1.8,1.34,0.49,8903.0
2015-01-25,cluster_9,47.77,1325.4,8808.9,1994.99,1.79,1.29,0.52,8903.0
2015-02-01,cluster_9,52.2,1290.6,8661.05,2055.47,1.66,1.21,0.47,8610.0
2015-02-08,cluster_9,52.53,1283.8,8805.5,2096.99,1.93,1.3,0.65,8610.0
2015-02-15,cluster_9,50.97,1260.8,8833.6,2110.3,2.01,1.36,0.66,8610.0
2015-02-22,cluster_9,49.41,1267.6,8844.6,2104.5,2.11,1.46,0.67,8610.0
2015-03-01,cluster_9,49.81,1222.8,8937.75,2071.26,1.98,1.37,0.63,8504.0
2015-03-08,cluster_9,44.98,1206.9,8647.75,2053.4,2.23,1.51,0.73,8504.0
2015-03-15,cluster_9,44.3,1233.6,8570.9,2108.1,2.1,1.45,0.68,8504.0
2015-03-22,cluster_9,48.34,1250.5,8341.4,2061.02,1.92,1.33,0.6,8504.0
2015-03-29,cluster_9,49.52,1247.5,8586.25,2066.96,1.91,1.37,0.58,8504.0
2015-04-05,cluster_9,51.79,1252.8,8780.35,2102.06,1.83,1.36,0.49,8526.0
2015-04-12,cluster_9,56.12,1248.2,8606.0,2081.18,1.94,1.39,0.57,8526.0
2015-04-19,cluster_9,57.45,1220.1,8305.25,2117.69,1.86,1.36,0.51,8526.0
2015-04-26,cluster_9,59.24,1224.9,8181.5,2108.29,1.9,1.39,0.54,8526.0
2015-05-03,cluster_9,59.45,1240.2,8191.5,2116.1,2.11,1.52,0.6,8814.0
2015-05-10,cluster_9,59.84,1276.6,8262.35,2122.73,2.15,1.57,0.59,8814.0
2015-05-17,cluster_9,59.97,1257.6,8458.95,2126.06,2.12,1.59,0.55,8814.0
2015-05-24,cluster_9,60.3,1240.8,8433.65,2107.39,2.19,1.57,0.64,8814.0
2015-05-31,cluster_9,58.92,1225.7,8114.7,2092.83,2.11,1.51,0.61,8814.0
2015-06-07,cluster_9,59.97,1239.3,7982.9,2094.11,2.38,1.68,0.73,8249.0
2015-06-14,cluster_9,59.28,1258.2,8224.95,2109.99,2.37,1.65,0.74,8249.0
2015-06-21,cluster_9,59.58,1232.0,8381.1,2101.49,2.25,1.61,0.65,8249.0
2015-06-28,cluster_9,56.5,1220.3,8484.9,2076.78,2.48,1.77,0.72,8249.0
2015-07-05,cluster_9,52.81,1215.2,8360.55,2076.62,2.39,1.76,0.64,8194.0
2015-07-12,cluster_9,50.8,1189.1,8609.85,2126.64,2.41,1.77,0.65,8194.0
2015-07-19,cluster_9,47.97,1138.9,8521.55,2079.65,2.31,1.66,0.68,8194.0
2015-07-26,cluster_9,46.77,1143.5,8532.85,2103.84,2.23,1.57,0.7,8194.0
2015-08-02,cluster_9,43.79,1145.5,8564.6,2077.57,2.12,1.53,0.67,7990.0
2015-08-09,cluster_9,42.16,1162.6,8518.55,2091.54,2.12,1.45,0.73,7990.0
2015-08-16,cluster_9,40.35,1207.4,8299.95,1970.89,2.11,1.47,0.73,7990.0
2015-08-23,cluster_9,45.4,1179.0,8001.95,1988.87,2.02,1.41,0.64,7990.0
2015-08-30,cluster_9,45.7,1162.0,7655.05,1921.22,2.13,1.47,0.72,7990.0
2015-09-06,cluster_9,44.78,1143.4,7789.3,1961.05,2.11,1.42,0.71,7892.0
2015-09-13,cluster_9,44.77,1177.0,7981.9,1958.03,2.16,1.49,0.71,7892.0
2015-09-20,cluster_9,45.44,1183.3,7868.5,1931.34,2.13,1.44,0.69,7892.0
2015-09-27,cluster_9,45.66,1170.0,7950.9,1951.36,2.17,1.47,0.7,7892.0
2015-10-04,cluster_9,49.53,1189.1,8189.7,2014.89,1.99,1.41,0.58,7918.0
2015-10-11,cluster_9,47.27,1214.4,8238.15,2033.11,2.11,1.47,0.65,7918.0
2015-10-18,cluster_9,44.72,1192.5,8295.45,2075.15,2.03,1.43,0.61,7918.0
2015-10-25,cluster_9,46.42,1169.9,8065.8,2079.36,2.08,1.43,0.66,7918.0
2015-11-01,cluster_9,44.55,1121.6,7954.3,2099.2,2.08,1.41,0.75,7995.0
2015-11-08,cluster_9,40.75,1114.9,7762.25,2023.04,2.26,1.44,0.9,7995.0
2015-11-15,cluster_9,40.53,1107.8,7856.55,2089.17,2.14,1.42,0.86,7995.0
2015-11-22,cluster_9,41.76,1088.9,7942.7,2090.11,2.14,1.33,0.93,7995.0
2015-11-29,cluster_9,40.15,1117.6,7781.9,2091.69,2.04,1.3,0.92,7995.0
2015-12-06,cluster_9,35.36,1108.6,7610.45,2012.37,2.05,1.32,0.96,7916.0
2015-12-13,cluster_9,34.49,1098.1,7761.95,2005.55,1.9,1.25,0.88,7916.0
2015-12-20,cluster_9,38.11,1110.7,7861.05,2060.99,2.0,1.22,0.97,7916.0
2015-12-27,cluster_9,37.11,1095.8,7963.2,2043.94,2.05,1.22,1.03,7916.0
2016-01-03,cluster_9,32.91,1128.5,7601.35,1922.03,2.11,1.21,1.06,7749.0
2016-01-10,cluster_9,29.71,1115.7,7437.8,1880.33,1.93,1.19,0.94,7749.0
2016-01-17,cluster_9,32.25,1120.8,7422.45,1906.9,1.79,1.18,0.85,7749.0
2016-01-24,cluster_9,33.75,1140.0,7563.55,1940.24,1.76,1.19,0.88,7749.0
2016-01-31,cluster_9,30.99,1178.4,7489.1,1880.05,1.61,1.18,0.76,7749.0
2016-02-07,cluster_9,29.12,1254.0,6980.95,1864.78,1.56,1.12,0.74,7771.0
2016-02-14,cluster_9,29.87,1249.5,7210.75,1917.78,1.44,1.03,0.71,7771.0
2016-02-21,cluster_9,32.79,1240.5,7029.75,1948.05,1.45,1.0,0.76,7771.0
2016-02-28,cluster_9,36.31,1296.4,7485.35,1999.99,1.43,0.96,0.8,7771.0
2016-03-06,cluster_9,38.48,1288.8,7510.2,2022.19,1.59,1.0,0.88,7932.0
2016-03-13,cluster_9,40.53,1281.9,7604.35,2049.58,1.65,1.01,0.97,7932.0
2016-03-20,cluster_9,39.52,1252.3,7716.5,2035.94,1.58,1.04,0.84,7932.0
2016-03-27,cluster_9,36.7,1249.6,7713.05,2072.78,1.61,1.02,0.89,7932.0
2016-04-03,cluster_9,39.67,1269.2,7555.2,2047.6,1.56,1.03,0.76,7928.0
2016-04-10,cluster_9,40.41,1261.5,7850.45,2080.73,1.49,1.02,0.7,7928.0
2016-04-17,cluster_9,43.72,1259.9,7899.3,2091.58,1.54,1.02,0.74,7928.0
2016-04-24,cluster_9,46.0,1321.9,7849.8,2065.3,1.66,1.05,0.84,7928.0
2016-05-01,cluster_9,44.61,1324.1,7733.45,2057.14,1.61,1.06,0.77,7626.0
2016-05-08,cluster_9,46.35,1303.5,7814.9,2046.61,1.6,1.05,0.74,7626.0
2016-05-15,cluster_9,47.47,1289.4,7749.7,2052.32,1.42,0.95,0.76,7626.0
2016-05-22,cluster_9,49.55,1251.0,8156.65,2099.06,1.52,0.96,0.89,7626.0
2016-05-29,cluster_9,48.85,1278.0,8220.8,2099.13,1.53,0.95,0.9,7626.0
2016-06-05,cluster_9,48.92,1311.1,8170.05,2096.07,1.41,0.93,0.78,7795.0
2016-06-12,cluster_9,48.22,1329.2,8170.2,2071.22,1.38,0.91,0.73,7795.0
2016-06-19,cluster_9,47.61,1359.8,8088.6,2037.41,1.35,0.92,0.7,7795.0
2016-06-26,cluster_9,49.26,1377.3,8328.35,2102.95,1.3,0.93,0.64,7795.0
2016-07-03,cluster_9,45.16,1396.6,8323.2,2129.9,1.18,0.87,0.59,7700.0
2016-07-10,cluster_9,46.26,1368.1,8541.4,2161.74,1.09,0.76,0.61,7700.0
2016-07-17,cluster_9,44.27,1366.4,8541.2,2175.03,1.28,0.89,0.71,7700.0
2016-07-24,cluster_9,41.38,1395.2,8638.5,2173.6,1.24,0.86,0.71,7700.0
2016-07-31,cluster_9,41.98,1387.0,8683.15,2182.87,1.18,0.79,0.67,7700.0
2016-08-07,cluster_9,44.73,1385.9,8672.15,2184.05,1.31,0.87,0.72,7817.0
2016-08-14,cluster_9,48.48,1387.1,8666.9,2183.87,1.22,0.8,0.71,7817.0
2016-08-21,cluster_9,47.3,1362.3,8572.55,2169.04,1.28,0.82,0.76,7817.0
2016-08-28,cluster_9,44.24,1363.3,8809.65,2179.98,1.28,0.78,0.84,7817.0
2016-09-04,cluster_9,45.72,1371.5,8866.7,2127.81,1.27,0.8,0.8,7933.0
2016-09-11,cluster_9,43.14,1346.6,8779.85,2139.16,1.32,0.88,0.79,7933.0
2016-09-18,cluster_9,44.61,1377.4,8831.55,2164.69,1.4,0.93,0.77,7933.0
2016-09-25,cluster_9,48.05,1353.5,8611.15,2168.27,1.44,0.85,0.77,7933.0
2016-10-02,cluster_9,49.62,1287.6,8697.6,2153.74,1.31,0.83,0.77,7819.0
2016-10-09,cluster_9,50.33,1293.5,8583.4,2132.98,1.4,0.9,0.83,7819.0
2016-10-16,cluster_9,50.95,1306.4,8693.05,2141.16,1.48,0.96,0.84,7819.0
2016-10-23,cluster_9,48.66,1316.2,8638.0,2126.41,1.4,0.9,0.84,7819.0
2016-10-30,cluster_9,44.14,1345.7,8433.75,2085.18,1.56,1.0,0.86,7819.0
2016-11-06,cluster_9,43.16,1262.7,8296.3,2164.45,1.41,0.99,0.8,7480.0
2016-11-13,cluster_9,45.5,1252.1,8074.1,2181.9,1.67,1.23,0.92,7480.0
2016-11-20,cluster_9,45.96,1221.2,8114.3,2213.35,1.9,1.27,1.07,7480.0
2016-11-27,cluster_9,51.67,1218.1,8086.8,2191.95,1.87,1.24,1.12,7480.0
2016-12-04,cluster_9,51.48,1205.7,8261.75,2259.53,1.91,1.29,1.11,7503.0
2016-12-11,cluster_9,52.03,1185.9,8139.45,2258.07,1.93,1.32,1.15,7503.0
2016-12-18,cluster_9,53.24,1181.8,7985.75,2263.79,2.09,1.32,1.28,7503.0
2016-12-25,cluster_9,53.89,1199.5,8185.8,2238.83,2.03,1.33,1.22,7503.0
2017-01-01,cluster_9,53.69,1220.5,8243.8,2276.98,1.94,1.25,1.2,7565.0
2017-01-08,cluster_9,52.53,1245.6,8400.35,2274.64,1.89,1.2,1.22,7565.0
2017-01-15,cluster_9,52.48,1254.0,8349.35,2271.31,1.87,1.19,1.21,7565.0
2017-01-22,cluster_9,53.17,1236.9,8641.25,2294.69,1.98,1.28,1.2,7565.0
2017-01-29,cluster_9,53.84,1267.1,8740.95,2297.42,1.97,1.27,1.22,7565.0
2017-02-05,cluster_9,53.84,1280.1,8793.55,2316.1,1.98,1.28,1.21,7437.0
2017-02-12,cluster_9,53.38,1285.2,8821.7,2351.16,1.86,1.21,1.2,7437.0
2017-02-19,cluster_9,54.0,1303.8,8939.5,2367.34,1.89,1.21,1.21,7437.0
2017-02-26,cluster_9,53.2,1274.2,8897.55,2383.12,1.79,1.19,1.12,7437.0
2017-03-05,cluster_9,48.38,1249.4,8934.55,2372.6,1.78,1.17,1.32,7078.0
2017-03-12,cluster_9,48.68,1278.6,9160.05,2378.25,1.83,1.22,1.36,7078.0
2017-03-19,cluster_9,48.13,1295.7,9108.0,2343.98,1.77,1.17,1.33,7078.0
2017-03-26,cluster_9,50.79,1295.1,9173.75,2362.72,1.62,1.14,1.26,7078.0
2017-04-02,cluster_9,52.33,1301.5,9198.3,2355.54,1.64,1.13,1.27,7019.0
2017-04-09,cluster_9,52.93,1331.6,9150.8,2328.95,1.56,1.09,1.29,7019.0
2017-04-16,cluster_9,49.63,1331.9,9119.4,2348.69,1.43,1.03,1.21,7019.0
2017-04-23,cluster_9,49.2,1312.0,9304.05,2384.2,1.45,1.04,1.2,7019.0
2017-04-30,cluster_9,46.47,1270.8,9285.3,2399.29,1.49,1.01,1.28,7019.0
2017-05-07,cluster_9,47.86,1270.8,9400.9,2390.9,1.46,1.04,1.32,6991.0
2017-05-14,cluster_9,50.49,1295.5,9427.9,2381.73,1.45,1.04,1.29,6991.0
2017-05-21,cluster_9,49.84,1310.4,9595.1,2415.82,1.31,0.95,1.28,6991.0
2017-05-28,cluster_9,47.77,1319.2,9653.5,2439.07,1.31,0.95,1.3,6991.0
2017-06-04,cluster_9,45.94,1310.1,9668.25,2431.77,1.17,0.87,1.28,6948.0
2017-06-11,cluster_9,44.7,1294.9,9588.05,2433.15,1.2,0.86,1.35,6948.0
2017-06-18,cluster_9,43.12,1294.9,9574.95,2438.3,1.13,0.84,1.32,6948.0
2017-06-25,cluster_9,46.34,1281.2,9520.9,2423.41,1.18,0.81,1.34,6948.0
2017-07-02,cluster_9,44.33,1249.6,9665.8,2425.18,1.28,0.93,1.38,6927.0
2017-07-09,cluster_9,46.64,1266.0,9886.35,2459.27,1.34,0.99,1.4,6927.0
2017-07-16,cluster_9,45.59,1293.1,9915.25,2472.54,1.29,0.98,1.35,6927.0
2017-07-23,cluster_9,49.77,1307.7,10014.5,2472.1,1.08,0.88,1.36,6927.0
2017-07-30,cluster_9,49.52,1297.0,10066.4,2476.83,1.22,0.96,1.34,6927.0
2017-08-06,cluster_9,48.8,1326.7,9710.8,2441.32,1.19,0.91,1.36,7115.0
2017-08-13,cluster_9,48.63,1324.4,9837.4,2425.55,1.16,0.89,1.3,7115.0
2017-08-20,cluster_9,47.83,1330.6,9857.05,2443.05,1.17,0.86,1.33,7115.0
2017-08-27,cluster_9,47.33,1362.9,9974.4,2476.55,1.14,0.82,1.35,7115.0
2017-09-03,cluster_9,47.49,1385.2,9934.8,2461.43,1.14,0.81,1.35,6791.0
2017-09-10,cluster_9,49.8,1360.7,10085.4,2500.23,1.02,0.79,1.27,6791.0
2017-09-17,cluster_9,50.27,1333.0,9964.4,2502.22,1.15,0.81,1.39,6791.0
2017-09-24,cluster_9,51.34,1320.9,9788.6,2519.36,1.23,0.8,1.46,6791.0
2017-10-01,cluster_9,49.03,1311.4,9979.7,2549.33,1.27,0.86,1.47,6588.0
2017-10-08,cluster_9,51.31,1341.8,10167.45,2553.17,1.3,0.83,1.54,6588.0
2017-10-15,cluster_9,51.84,1317.3,10146.55,2575.21,1.19,0.77,1.51,6588.0
2017-10-22,cluster_9,54.0,1308.9,10323.05,2581.07,1.28,0.79,1.6,6588.0
2017-10-29,cluster_9,55.59,1306.7,10452.5,2587.84,1.32,0.83,1.59,6588.0
2017-11-05,cluster_9,56.81,1313.5,10321.75,2582.3,1.16,0.71,1.63,6682.0
2017-11-12,cluster_9,56.61,1336.2,10283.6,2578.85,1.17,0.73,1.67,6682.0
2017-11-19,cluster_9,58.68,1328.3,10389.7,2602.42,1.06,0.62,1.73,6682.0
2017-11-26,cluster_9,58.17,1319.5,10121.8,2642.22,1.05,0.59,1.75,6682.0
2017-12-03,cluster_9,57.25,1284.8,10265.65,2651.5,1.1,0.59,1.78,6572.0
2017-12-10,cluster_9,57.31,1293.9,10333.25,2675.81,1.1,0.58,1.8,6572.0
2017-12-17,cluster_9,58.44,1315.9,10493.0,2683.34,1.04,0.51,1.84,6572.0
2017-12-24,cluster_9,60.23,1347.4,10530.7,2673.61,1.15,0.57,1.91,6572.0
2017-12-31,cluster_9,61.55,1362.1,10558.85,2743.15,1.01,0.51,1.89,6572.0
2018-01-07,cluster_9,64.38,1376.9,10681.25,2786.24,1.08,0.51,1.96,6641.0
2018-01-14,cluster_9,63.56,1376.8,10894.7,2810.3,1.12,0.56,1.99,6641.0
2018-01-21,cluster_9,66.31,1397.4,11069.65,2872.87,1.2,0.58,2.06,6641.0
2018-01-28,cluster_9,65.12,1376.9,10760.6,2762.13,1.25,0.53,2.13,6641.0
2018-02-04,cluster_9,59.09,1354.0,10454.95,2619.55,1.36,0.69,2.15,6687.0
2018-02-11,cluster_9,61.65,1396.7,10452.3,2732.22,1.28,0.78,2.05,6687.0
2018-02-18,cluster_9,63.65,1371.6,10491.05,2747.3,1.25,0.66,2.21,6687.0
2018-02-25,cluster_9,61.52,1366.0,10458.35,2691.25,1.24,0.63,2.25,6687.0
2018-03-04,cluster_9,62.18,1366.6,10226.85,2786.57,1.21,0.61,2.25,6486.0
2018-03-11,cluster_9,62.26,1354.8,10195.15,2752.01,1.23,0.63,2.27,6486.0
2018-03-18,cluster_9,65.75,1393.4,9998.05,2588.26,1.07,0.54,2.31,6486.0
2018-03-25,cluster_9,64.86,1364.9,10113.7,2640.87,1.08,0.54,2.28,6486.0
2018-04-01,cluster_9,61.89,1374.4,10331.6,2604.47,1.01,0.47,2.27,6335.0
2018-04-08,cluster_9,67.31,1386.4,10480.6,2656.3,1.04,0.5,2.27,6335.0
2018-04-15,cluster_9,68.09,1376.7,10564.05,2670.14,1.06,0.45,2.37,6335.0
2018-04-22,cluster_9,67.98,1362.1,10692.3,2669.91,1.15,0.5,2.46,6335.0
2018-04-29,cluster_9,69.78,1353.2,10618.25,2663.42,1.14,0.47,2.49,6335.0
2018-05-06,cluster_9,70.52,1359.1,10806.5,2727.72,1.11,0.44,2.51,6128.0
2018-05-13,cluster_9,71.39,1328.9,10596.4,2712.97,1.05,0.43,2.54,6128.0
2018-05-20,cluster_9,67.42,1341.1,10605.15,2721.33,1.15,0.51,2.55,6128.0
2018-05-27,cluster_9,65.71,1331.2,10696.2,2734.62,1.03,0.45,2.48,6128.0
2018-06-03,cluster_9,65.55,1334.3,10767.65,2779.03,0.97,0.42,2.47,6537.0
2018-06-10,cluster_9,64.35,1309.7,10817.7,2779.66,1.0,0.43,2.5,6537.0
2018-06-17,cluster_9,69.35,1301.4,10821.85,2754.88,0.99,0.38,2.55,6537.0
2018-06-24,cluster_9,74.39,1284.6,10714.3,2718.37,0.97,0.34,2.56,6537.0
2018-07-01,cluster_4,74.0,1285.3,10772.65,2759.82,0.92,0.33,2.52,6245.0
2018-07-08,cluster_4,70.59,1270.2,11018.9,2801.31,0.85,0.29,2.53,6245.0
2018-07-15,cluster_4,69.47,1258.1,11010.2,2801.83,0.85,0.24,2.59,6245.0
2018-07-22,cluster_4,70.07,1250.1,11278.35,2818.82,0.9,0.29,2.6,6245.0
2018-07-29,cluster_4,69.42,1240.6,11360.8,2840.35,0.96,0.29,2.67,6245.0
2018-08-05,cluster_4,68.23,1236.4,11429.5,2833.28,0.94,0.32,2.63,6197.0
2018-08-12,cluster_4,66.08,1201.1,11470.75,2850.13,0.82,0.26,2.61,6197.0
2018-08-19,cluster_4,69.34,1230.3,11557.1,2874.69,0.82,0.26,2.61,6197.0
2018-08-26,cluster_4,70.49,1223.4,11680.5,2901.52,0.73,0.19,2.63,6197.0
2018-09-02,cluster_4,68.17,1217.6,11589.1,2871.68,0.75,0.24,2.62,5986.0
2018-09-09,cluster_4,69.17,1218.4,11515.2,2904.98,0.8,0.23,2.71,5986.0
2018-09-16,cluster_4,71.09,1218.6,11143.1,2929.67,0.83,0.21,2.78,5986.0
2018-09-23,cluster_4,73.78,1213.2,10930.45,2913.98,0.89,0.26,2.81,5986.0
2018-09-30,cluster_4,74.5,1223.6,10316.45,2885.57,0.86,0.24,2.81,5986.0
2018-10-07,cluster_4,71.56,1240.0,10472.5,2767.13,1.0,0.35,2.88,6112.0
2018-10-14,cluster_4,69.39,1246.9,10303.55,2767.78,0.87,0.3,2.85,6112.0
2018-10-21,cluster_4,67.5,1254.1,10030.0,2658.69,0.89,0.28,2.92,6112.0
2018-10-28,cluster_4,62.77,1251.6,10553.0,2723.06,0.75,0.27,2.81,6112.0
2018-11-04,cluster_4,59.8,1227.0,10585.2,2781.01,0.89,0.31,2.91,6018.0
2018-11-11,cluster_4,56.81,1241.2,10682.2,2736.27,0.83,0.25,2.94,6018.0
2018-11-18,cluster_4,50.89,1241.4,10526.75,2632.56,0.72,0.27,2.81,6018.0
2018-11-25,cluster_4,50.6,1237.9,10876.75,2760.17,0.64,0.24,2.81,6018.0
2018-12-02,cluster_4,52.05,1265.1,10693.7,2633.08,0.64,0.21,2.8,6294.0
2018-12-09,cluster_4,51.17,1253.9,10805.45,2599.95,0.45,0.13,2.72,6294.0
2018-12-16,cluster_4,45.08,1270.5,10754.0,2416.62,0.47,0.16,2.73,6294.0
2018-12-23,cluster_4,44.92,1295.7,10859.9,2485.74,0.4,0.16,2.63,6294.0
2018-12-30,cluster_4,48.18,1298.7,10727.35,2531.94,0.32,0.2,2.52,6294.0
2019-01-06,cluster_4,51.64,1302.7,10794.95,2596.26,0.25,0.17,2.5,6535.0
2019-01-13,cluster_4,53.67,1295.2,10906.95,2670.71,0.28,0.16,2.55,6535.0
2019-01-20,cluster_4,53.3,1310.6,10780.55,2664.76,0.38,0.17,2.62,6535.0
2019-01-27,cluster_4,55.17,1328.6,10893.65,2706.53,0.37,0.16,2.6,6535.0
2019-02-03,cluster_4,55.17,1325.0,10943.6,2707.88,0.3,0.18,2.52,6235.0
2019-02-10,cluster_4,55.17,1328.5,10724.4,2775.6,0.2,0.18,2.45,6235.0
2019-02-17,cluster_4,55.17,1339.4,10791.65,2792.67,0.23,0.14,2.52,6235.0
2019-02-24,cluster_4,55.17,1305.8,10863.5,2803.69,0.19,0.17,2.48,6235.0
2019-03-03,cluster_4,55.17,1306.0,11035.4,2743.07,0.32,0.21,2.55,6211.0
2019-03-10,cluster_4,55.17,1308.9,11426.85,2822.48,0.16,0.17,2.45,6211.0
2019-03-17,cluster_4,55.17,1318.7,11456.9,2800.71,0.14,0.16,2.43,6211.0
2019-03-24,cluster_4,55.17,1298.5,11623.9,2834.4,-0.02,0.13,2.31,6211.0
2019-03-31,cluster_4,55.17,1295.6,11665.95,2892.74,0.01,0.14,2.27,6211.0
2019-04-07,cluster_4,55.17,1295.2,11643.45,2907.41,0.06,0.15,2.35,5824.0
2019-04-14,cluster_4,55.17,1276.0,11752.8,2905.03,0.12,0.16,2.4,5824.0
2019-04-21,cluster_4,55.17,1288.8,11754.65,2939.88,0.15,0.19,2.38,5824.0
2019-04-28,cluster_4,55.17,1281.3,11712.25,2945.64,0.09,0.23,2.28,5824.0
2019-05-05,cluster_4,55.17,1287.4,11278.9,2881.4,0.11,0.21,2.33,5888.0
2019-05-12,cluster_4,55.17,1275.7,11407.15,2859.53,0.04,0.21,2.26,5888.0
2019-05-19,cluster_4,55.17,1283.6,11844.1,2826.06,0.0,0.19,2.2,5888.0
2019-05-26,cluster_4,55.17,1305.8,11922.8,2752.06,-0.03,0.16,2.16,5888.0
